id,proverb,meaning,wrong1,wrong2,wrong3,category
2,"अक्‍कासिंदा जहाँ ताहाँ, पत्तालिँदा कहाँ कहाँ",माथि पुग्दा देख्नु ।,अकस्मात काम गर्दा सधैं सफलता मिल्छ,जति धेरै खोज्यो त्यति कम पाईन्छ,अकस्मात पाएको कुरा सधैं राम्रो हुन्छ,Fate and Caution
11,अड्को पड्को तेलको धूप,अर्थ न बर्थको काम गर्नु ।,धूप बाल्न तेल नभेटिएपछि अड्केको,तेलको अभावले धूप बाल्न नसकेको,तेल र धूपको सम्बन्ध नभएको,Fate and Caution
29,"अल्पानी बिल्पानी दिन गुमाई, जुनेली रातमा बिस्कुन सुकाई",बेलामा काम नगर्नु ।,जुनेली रातमा बिस्कुन सुकाउँदा राम्रो सुक्छ,दिउँसो समय बर्बाद गर्न ठीक छ,रातमा मात्र काम गर्दा फाइदा हुन्छ,Fate and Caution
60,अगाडि सयौं खाडलमा पर्यो,धेरै बाठो हुने लड्छ ।,सयौं खाडलमा खसेपछि उठ्न सकिँदैन,खाडलमा परेपछि कहिल्यै बाहिर आउन सकिन्न,खाडलमा परेपछि जीवन समाप्त हुन्छ,Fate and Caution
84,अपराधीको मनमा सधैँभरि त्रास,जस्तो काम उस्तै पिर,अपराधीले कहिल्यै डर मान्दैन,अपराधीको मन सधैँ शान्त हुन्छ,अपराधीलाई डराउनु पर्ने कुनै कारण हुँदैन,Fate and Caution
111,अभागी दिसा बस्यो बाह्र हातको काठ पस्यो,अभागीलाई जता पनि धोका हुन्छ ।,अभागी मानिसले जहिले पनि ठूला अवसर पाउँछ,दिसा बस्नेलाई काठको घर चाहिन्छ,अभागीले जहिले पनि सजिलो काम पाउँछ,Fate and Caution
117,"असीले खसी, साठीले पाठी",पैसाको तुजुक देखाउनु,"असी वर्षको मान्छेले खसी पालन गर्छ, साठी वर्षकोले पाठी पालन गर्छ","असी वर्षको मान्छेले खसी खानुपर्छ, साठी वर्षको मान्छेले पाठी खानुपर्छ","असी वर्ष पुगेपछि खसी किनेर खानुपर्छ, साठी वर्ष पुगेपछि पाठी किनेर खानुपर्छ",Fate and Caution
134,"अस्सीको चुट्की नब्बेको ताल, तबदेखि खैनीको हाल",खैनी खानेको बयान ।,खैनी खाँदा अस्सी र नब्बे वर्षको उमेरमा मात्र असर देखिन्छ,अस्सी र नब्बेको उमेरमा खैनी खाने नयाँ चलन सुरु भयो,खैनी खाँदा अस्सी र नब्बे वर्षको ताल मिलाउनुपर्छ,Fate and Caution
141,अति भएपछि मह पनि तितो हुन्छ,सीमा नचिन्नु,मह कहिल्यै तितो हुँदैन,अति गरेपछि सबै मिठो हुन्छ,मह तितो हुँदा स्वादिष्ट हुन्छ,Fate and Caution
190,अनिष्टबाट पनि इष्टलाभ हुन सक्छ,नपत्याउँदा पनि काम बन्ने ।,अनिष्ट हुँदा सधैं हानी मात्र हुन्छ,इष्टलाभको सम्भावना कहिल्यै हुँदैन,अनिष्ट भनेको सधैं नकारात्मक परिणाम हो,Fate and Caution
199,"अब्जस्याही राँडका, निधारमा लिखा",जस नपाउने नारी ।,अब्जस्याही राँडका निधारमा केही लेखिएको छैन,निधारमा लेखिएको कुरा सधैं गलत हुन्छ,निधारमा लेखिएको कुरा परिवर्तन गर्न सकिन्छ,Fate and Caution
205,अँधेराको घर भुतको डेरा,एकान्त ठाउँमा घर बनाउँदा तेस्तै हुन्छ ।,घरमा बत्ती बाल्न नपुग्दा भूतहरू आउने गर्छन्,अँध्यारो घरमा बस्ने मानिसहरू भूत बन्छन्,भूतहरूले अँध्यारो घरलाई आफ्नो घर बनाउँछन्,Fate and Caution
275,आगलागी झुपडी डेढ घडी भद्रा,ढिलो नगर्नु समयमा नै काम गर्नु ।,झुपडीमा आगो लाग्दा समय रोकिन्छ,डेढ घडीको समय झुपडीमा आगलागी हुँदा थाहा पाइन्छ,आगलागी हुँदा झुपडीमा भद्र मानिस मात्र हुन्छ,Fate and Caution
283,"आँधी उठे बसिहाल्नु, पानी परे भागिहाल्नु",आफ्नो सुरक्षा आफैँले गर्नुपर्छ ।,आँधी आएपछि रमाइलो गर्न बस्नु,पानी परेपछि खेल्न जानु,आँधी र पानी दुवैको प्रतिक्षा गर्नु,Fate and Caution
318,आगो न मुगो भुकभुके रोटी,बेतालको काम गर्नु,आगो र मुगो मिलेर रोटी पकाउँछन्,रोटी पकाउन आगो र मुगो चाहिन्छ,आगो बिना पनि रोटी पाक्छ,Fate and Caution
329,आपत र विपत एक्लै आउँदैन,दशा लाग्नु ।,आपत र विपत कहिल्यै आउँदैन,आपत र विपत सधैं खुशी ल्याउँछ,आपत र विपत सँगै आउँदैन,Fate and Caution
351,आयु भएको छोरालाई वायुको केही लाग्दैन,बाँच्नु छ भने केही गरे पनि मरिन्न ।,छोरो ठूलो भएपछि हावा चल्दैन,छोरो जवान भएपछि हावाको असर हुँदैन,वायुले वृद्ध छोरालाई असर गर्दैन,Fate and Caution
354,आए नेपाल काटे कपाल,चारपाटे मुडिनेले व्यङ्ग्यात्मक कुरा गरेको ।,नेपालमा आएपछि कपाल काट्नै पर्छ,नेपालमा कपाल काट्न प्रतिबन्ध छ,कपाल काट्न नेपाल आउनै पर्छ,Fate and Caution
362,आज मरे भोलि औषधि,मौकामा नपाएको सामान पछि के काम ।,आज मरेपछि औषधि खानु पर्छ,मरेपछि पनि औषधिले बचाउन सक्छ,औषधि खाएर मर्नु राम्रो हुन्छ,Fate and Caution
393,आफू नमरुन्जेल चिहान नदेखिने,आफैँले भोगेर मात्र जानिन्छ ।,आफू नमरेपछि मात्रै चिहान देख्न सकिन्छ,चिहान देख्नका लागि मर्नैपर्छ,चिहानमा पुग्न चिहान देख्न जरुरी छ,Fate and Caution
402,"आँपको आँप, कोयाको दाम",अतिरिक्त दाम असुल्नु ।,आँप र कोयालाई एउटै मूल्यमा बेच्नुपर्छ,कोया महँगो हुन्छ,आँप सस्तो र फाइदाजनक हुँदैन,Fate and Caution
437,"आफू उठी परदेश जाने, छोरो पाई राख भन्ने",असम्भव तथा अनैतिक कुराको चाहना गर्नु ।,"आफू मात्र विदेश जान्छु, छोरालाई घरमै बस्न बाध्य पार्छु",आफूले विदेश जाने निर्णय गर्दा छोराको सल्लाह लिन्न,"आफूले विदेशमा रमाइलो गर्छु, छोरालाई दुःख दिन्छु",Fate and Caution
447,आफ्नै खुट्टामा बन्चरो हान्नु,आफ्नै कुभलो हुने काम गर्नु ।,आफ्नै खुट्टामा बन्चरो हान्दा चोट लाग्दैन,बन्चरो हान्नाले खुट्टा बलियो हुन्छ,खुट्टामा बन्चरो हान्नु त राम्रो अभ्यास हो,Fate and Caution
469,आयु भएको छोरालाई वायुले खाँदैन,दिन बलियो छउन्जेल केही हुँदैन ।,वायुले खान्छ तर छोरालाई केही हुँदैन,छोराको आयु भए पनि वायुले हानि गर्छ,वायुले छोरालाई खान सक्छ तर आयुले बचाउँछ,Fate and Caution
476,आशाको त्यान्द्रोले जीवन धान्छ,जीवन आशामै अडिएको हुन्छ ।,आशा नगरे जीवन राम्रो चल्छ,आशा गरेपछि कुनै प्रयास गर्नै पर्दैन,आशा मात्र जीवनको लागि पर्याप्त हुन्छ,Fate and Caution
478,आशेको बार कुखुराले भत्कायो,कमजोर काम ।,कुखुराले बार बनाउन मद्दत गर्‍यो,बार बलियो थियो तर कुखुराले सजिलै भत्कायो,कुखुराले बार बनायो तर आफैंले भत्कायो,Fate and Caution
492,इनार पो बेचियो पानी त बेचेको छैन,झेल गरेको कुरा,इनार बेचिसकेपछि पानी पनि बेच्छ,पानी बेच्न नमिल्ने कुरा हो,इनार बेच्दा पानी सधैं त्यहीँ रहन्छ,Fate and Caution
507,ईश्वरले दिनु परे छप्पर फाडेर दिन्छन्,जस्तै काम पनि बन्छ ।,ईश्वरले सधैं खराब कुरा मात्र दिन्छन्,छप्पर फाडेर दिनु भनेको सधैं नकारात्मक कुरा हुन्छ,ईश्वरले सधैं अनावश्यक र धेरै कुरा दिन्छन्,Fate and Caution
510,उखरमाउलो भुँवर ताउलो,उत्ताउलो व्यवहार गर्ने व्यक्ति अप्ठ्यारोमा पर्छ ।,भुँवरमा तातो ताउलो राखेर खाना पकाउनु,भुँवरमा आगो सल्काएर तातो बनाउनु,तातो ताउलोले भुँवरलाई नियन्त्रण गर्नु,Fate and Caution
527,उल्फाको धन उल्फामै स्वाहा,आइलागेको धन दिगो हुँदैन ।,उल्फाले धन कमाउँछ तर अरूलाई दिन्छ,उल्फाले धन जम्मा गर्छ तर खर्च गर्न जान्दैन,उल्फाले धन कमाउँछ तर गुमाउँछ,Fate and Caution
544,उत्तर जाउँ भने हिउँले खाको,चारदिशाको वर्णन ।,हिउँले खाएको ठाउँमा जानु राम्रो हुन्छ,हिउँ परेको ठाउँमा जानु स्वास्थ्यको लागि फाइदाजनक हुन्छ,जाडो मौसममा यात्रा गर्नु सजिलो हुन्छ,Fate and Caution
551,उचालेको गाँस लागेका महिना,सुत्केरी हुने समय भैसक्यो भनेको ।,खान लागेको गाँस अरूले खोस्छन्,उचालेको गाँसले पेट दुखाउँछ,गाँस उचाल्दा महिना बिग्रिन्छ,Fate and Caution
552,उन्युँ फुल्दैन ढुङ्गो टुसाउँदैन,पर्खेर बस्दैन भनेको ।,ढुङ्गो पनि फुल्न सक्छ,उन्युँ टुसाउन सक्छ,असम्भव कुरा पनि सम्भव हुन्छ,Fate and Caution
559,उसलाई त रामवाण नै लाग्यो,दिन बिग्रिएर काम बिग्रनु ।,उसलाई त रामको वाणले नै हान्यो,उसलाई कुनै औषधि फाइदा भएन,उसलाई रामले आफैं वाण हाने,Fate and Caution
597,ऊ दिन त रहेन भने यो दिन पनि कति रहला,समयको कुरा ।,ऊ दिन त रहेन भने यो दिन पनि कहिल्यै आउँदैन,ऊ दिन त रहेन भने यो दिन तुरुन्तै सकिन्छ,ऊ दिन त रहेन भने यो दिनको कुनै महत्व छैन,Fate and Caution
600,ऊँटको मुखमा जिरा,थोरै हुनु,ऊँटले जिरा खान मन पराउँछ,जिरा ऊँटको मुखमा सजिलै पग्लिन्छ,ऊँटले जिरा मुखमा राखेर चपाउँछ,Fate and Caution
628,"एक बारको चोला, जसो होला-होला",भविष्यप्रति निश्चिन्त रहनु,"जिन्दगीमा गल्ती गर्न पाइन्छ, त्यसैले जसो गरे पनि हुन्छ",जीवनलाई हल्का रूपमा लिनु ठीक हो,"जसो पनि बाँच्न सकिन्छ, प्रयास गर्न जरुरी छैन",Fate and Caution
710,ओखलमा हात हालेपछि मुसलको के डर,निर्धक्क हुनुपर्छ ।,ओखलमा हात हालेपछि सबै कुरा सजिलो हुन्छ,ओखलमा हात हालेपछि कुनै खतरा हुँदैन,मुसलले चोट पुर्याउन सक्दैन,Fate and Caution
716,ओरालो लागेको मृगलाई बच्चाले पनि खेद्छ,दिन बिग्रेपछि सानो मान्छेले पनि हेप्छ ।,ओरालो लागेपछि मृगलाई बच्चाले मात्र खेद्न सक्छ,मृग ओरालो लाग्दा बच्चाले मात्र खेद्छ,बच्चाले मृगलाई खेद्न सफल हुन्छ भने मृग कमजोर हुन्छ,Fate and Caution
731,औँलाका खानदानले खौला पर्न जाँदैन,ठूलाबडा जहाँसुकै जाने ।,औँलाका खानदानले कहिल्यै खाना पकाउँदैन,औँलाका खानदानले खतरनाक काम गर्न सक्दैन,औँलाका खानदानले अरूलाई सहयोग गर्दैन,Fate and Caution
775,के गर्छस् फुस्रा लुतो न कनाइ,"काम नभएको, बेकार, बेरोजगार ।",केही नगरी पनि सफलता मिल्छ,लुतो कनाउँदा राम्रो हुन्छ,फुस्रा कुरा गर्दा काम सजिलै हुन्छ,Fate and Caution
791,कस्ता कस्ता कहाँ गए मुसाको छाउरा दरबार,हेला गरी खिसी गर्नु ।,कस्ता कस्ता मानिस दरबारमा जान्छन्,दरबारमा मुसाको छाउरा हुन्छ,मुसा पनि दरबारमा जान्छ,Fate and Caution
809,कालले बिर्से मोरङ पस्नु,औलोको प्रकोप हुँदाको भनाइ,कालले मोरङलाई बिर्सेर जान्छ,मोरङमा कालीको बास छैन,काल मोरङमा कहिल्यै आउँदैन,Fate and Caution
813,काशी जानु कुत्तीको बाटो,उल्टो काम गर्नु,काशी जानु भनेको कुत्तीसँग जानु हो,काशी पुग्न कुत्तीसँग यात्रा गर्नु पर्छ,काशी जान कुत्तीसँग बाटो सोध्नुपर्छ,Fate and Caution
814,कि चपरीमुनि बास कि हस्तिनापुरको राज,जे पर्ला पर्ला भन्ने सोच,चपरीमुनि बस्नेलाई हस्तिनापुरको राजा बनाइन्छ,हस्तिनापुरको राजा चपरीमुनि बस्नुपर्छ,चपरीमुनिको बास हस्तिनापुरमा हुन्छ,Fate and Caution
818,कङ्गालीले लाए पत्थर धनीले लाए हीरा,एउटै वस्तुको ठाउँअनुसारको भान हुनु,कङ्गालीले पत्थर लाए भने धनीले त्यसलाई हीरा बनाउँछ,कङ्गालीले पत्थर लाए भने धनीले आफ्नो हीरा गुमाउँछ,कङ्गालीले पत्थर लाए भने धनीले पत्थरलाई पनि हीरा ठान्छ,Fate and Caution
830,कमिलालाई मुतको पैरो,सानोलाई सानै समस्या पनि ठूलो हुन्छ,कमिलालाई पानीमा डुबाउनु,कमिलालाई आगोमा हाल्नु,कमिलालाई हावामा उडाउनु,Fate and Caution
831,कमेरो लाएको घरमा खुँदो हुन्छ,जतन गरेको हुन्छ,कमेरो लाएको घरमा मात्र खुँदो हुन्छ,खुँदो हुनु राम्रो हुन्छ,कमेरो लाएपछि खुँदो अनिवार्य हुन्छ,Fate and Caution
835,कर्कलालाई बन्चरो,नसुहाउने काम,कर्कला बलियो हुन्छ,बन्चरोले कर्कलालाई काट्न सक्दैन,कर्कलालाई बन्चरोले गोड्नुपर्छ,Fate and Caution
865,चैतमा घिउ खोज्ने निहुँ खोज्ने,समय नमिलाएर भन्नु,चैतमा घिउ खोज्न पाइन्छ,चैतमा घिउ सस्तो हुन्छ,चैतमा घिउको माग धेरै हुन्छ,Fate and Caution
897,"छ लुगा छ जाडो, छैन लुगा छैन जाडो",जसोतसो टर्छ भनेको ।,जाडो लुगा लगाउँदा मात्र हुन्छ,लुगा नलगाउँदा जाडो लाग्दैन,जाडोको कारण लुगा हो,Fate and Caution
977,"जमदार्नी सुवेदार्नी भएँ, मर्ने बेलामा यस्तै भएँ",उमेरमा धेरै पोइल जानेले पछि दुःख पाउनु ।,जमदार्नी र सुवेदार्नी भए पनि मर्नु परेन,मर्ने बेलामा उच्च पदमा पुगिन्छ,मर्ने बेलामा सबै कुरा ठीक हुन्छ,Fate and Caution
1007,जब भेटियो दमाई तब भयो कमाइ,काम बन्दै जाने लक्षण ।,दमाई भेट्नासाथ धन हराउँछ,दमाई भेट्दा व्यापार बन्द हुन्छ,दमाई भेट्नासाथ ऋण लाग्छ,Fate and Caution
1014,जसले जन्म दिन्छ उसकै कर्म दिन्छ,बाबुआमालाई भनेको ।,"जसले बच्चा जन्माउँछ, उसले बच्चाको भविष्य निर्धारण गर्छ","जसले जन्म दिन्छ, उसले सधैं दुःख दिन्छ",जन्म दिने व्यक्ति नै सधैं खराब कर्म गर्छ,Fate and Caution
1047,जहाँ हतपत त्यहीँ लतपत,हतारको काम राम्रो हुँदैन ।,जहाँ हतपत त्यहाँ सफा काम हुन्छ,हतपत गर्दा समय बचत हुन्छ,हतपत गर्दा सफलता प्राप्त हुन्छ,Fate and Caution
1056,जानु नै जहाँ छ लानु नै के छ,जीवन व्यर्थ ठान्नेहरूका कुरा ।,जानु भनेको यात्रा मात्र हो,जहाँ गए पनि केही फरक पर्दैन,लानु भनेको केही बोक्नु हो,Fate and Caution
1058,जहाँ हेर्दा कोर्दा पनि उसैलाई जुर्नु,ज्योतिषीलाई हेराउने चलन ।,जहाँ गए पनि त्यही ठाउँमा फर्किनु,सबै काममा असफल हुनु,सधैं एउटै व्यक्तिसँग झगडा हुनु,Fate and Caution
1063,"जान्दैन कुरा पाउँदैन भेउ, मकै नहुने बारी खड्कालाई देउ",खड्काहरू अल्छी हुनाले गिज्याएको ।,खड्कालाई मकै दिने बारी राम्रो हुन्छ,कुरा जान्नेले मात्र भेउ पाउँछ,मकै नहुने बारीमा खड्काले मकै फलाउन सक्छ,Fate and Caution
1076,जिउ नै छैन भने घिउको के काम,मुख्य कुरा नभएपछि साधनले मात्र के गर्नु ।,जिउ नभए पनि घिउ खानु पर्छ,जिउ नभए पनि घिउले स्वास्थ्य राम्रो हुन्छ,जिउ नभए पनि घिउ सँगै राख्नु पर्छ,Fate and Caution
1090,जुनकिरीको पिँधले उज्यालो पुग्ने भए चन्द्रमा केका लागि,ठूलो वस्तुले गर्ने काम सानोले गर्न सक्तैन ।,जुनकिरीले चन्द्रमालाई प्रतिस्थापन गर्न सक्छ,साना प्रयासहरू ठूला उपलब्धिहरूसँग तुलना गर्न सकिन्छ,जुनकिरीको उज्यालो चन्द्रमाभन्दा बलियो हुन्छ,Fate and Caution
1094,जुनकीरीको पिँधले स्वर्ग उज्यालो हुँदैन,सानो कोसिसले ठूलो काम बन्दैन ।,स्वर्गमा पुग्न जुनकीरीको पिँधको उज्यालो चाहिन्छ,जुनकीरीको पिँधले सधैं स्वर्ग उज्यालो बनाउँछ,जुनकीरी स्वर्गमा उज्यालो दिन सक्षम छ,Fate and Caution
1096,जुको भै पस्ने मुसल भै निस्कने,चाप्लुस र चुक्लीबाज चरित्र ।,जुका र मुसल एउटै जनावर हुन्,जुका मुसलको साथी हो,जुका र मुसल एकसाथ काम गर्छन्,Fate and Caution
1113,"जो दिन्छ बास, उसैको हुन्छ सर्वनास",जसले मद्दत गर्छ उसैको नोक्सान पर्ने ।,"जो बास दिन्छ, उसले नै सबैलाई नास गर्छ","जसले सहयोग गर्छ, उसले आफैंलाई हानी पुर्‍याउँछ",बास दिने मान्छेले सधैं नराम्रो परिणाम भोग्छ,Fate and Caution
1156,झन्डा न निसान छोरो भयो कप्तान,व्यर्थैको कुरा ।,झन्डा बिना नै कप्तान बन्न सकिन्छ,छोरो भएपछि झन्डा र निसानको आवश्यकता हुँदैन,झन्डा र निसानको कुनै महत्व छैन,Fate and Caution
1161,झाडीमा पसेर सारी लगाउनु,चाँडै नोक्सान हुन्छ भनेको ।,झाडीमा पसेर कपडा सुकाउनु,झाडीमा पसेर खाना पकाउनु,झाडीमा पसेर खेल खेल्नु,Fate and Caution
1176,झिँगाको कुन आन्द्रा कुन भुँडी,सूक्ष्म वस्तुको आँतभेउ पाइन्न।,झिँगाको भुँडीमा आन्द्रा हुँदैन,"झिँगा साना हुन्छन्, त्यसैले यसमा भुँडी र आन्द्रा छुट्याउन सकिँदैन",झिँगाको शरीरको संरचना बुझ्न गाह्रो हुन्छ,Fate and Caution
1218,डाँडा पारी जाई रामकली गाई,लुकेर बोल्नुको केही अर्थ हुन्न ।,रामकली गाई डाँडा पारी हराएकी छिन्,गाई डाँडापारी पुगेर हरायो,रामकली गाईलाई डाँडापारी पुर्‍याएर छोडियो,Fate and Caution
1223,डुब्न लागेकालाई सिन्काको सहारा,सानैबाट पनि सहयोगको चाहना राख्नु ।,डुब्न लागेकोले सिन्का समातेर तैरिन सक्छ,सिन्का समात्दा डुब्न लागेको व्यक्ति बच्न सक्छ,सिन्का डुब्न लागेको व्यक्तिको लागि मुख्य सहारा हो,Fate and Caution
1240,"ढुङ्गो बोल्दैन, राजा सुन्दैन, उन्यु फुल्दैन",नपाइने फलको आशै नगर्नू ।,ढुङ्गो बोल्न सक्छ,राजा सधैं सुन्छ,उन्यु फुल्न सक्छ,Fate and Caution
1249,तातो पानीले घर डढ्दैन,अयोग्य वस्तुबाट काम चल्दैन ।,तातो पानीले आगो बल्छ,तातो पानीले घर चिसो हुन्छ,तातो पानीले घर सफा हुन्छ,Fate and Caution
1270,तैरिन तैरिन बुढी बाखी किन,नहुनु खर्च भएपछि के बाँकी राख्नु,बुढी बाखीले पौडी खेल्न सिक्न खोजी,बुढी बाखी पानीमा डुब्न लागी,तैरिन नसक्ने बाखीले तालमा जान खोजी,Fate and Caution
1329,दर्जन थाप्नु बाघलाई मल हाल्नु सागलाई,असललाई बढाउनु अरूलाई नोक्सान गर्नु ।,बाघलाई मल हालेर साग बढ्छ,दर्जन थाप्दा बाघले साग खान्छ,सागलाई मल हाल्दा बाघ आउँछ,Fate and Caution
1333,दाँत फुक्लेको बुढालाई घिउ हालेको खट्टे,विचार नपुऱ्याएको व्यवहार ।,बुढो मान्छेलाई घिउले फाइदा हुन्छ,दाँत फुक्लेको मान्छेले घिउ खानुपर्छ,बुढो मान्छेले खट्टे खान मन पराउँछ,Fate and Caution
1340,दरबार कि तरबार,सधैँ शङ्का र मार काट ।,दरबारको तरबार सधैं धारिलो हुन्छ,दरबार र तरबार एउटै कुरा हुन्,तरबार बिना दरबार चल्दैन,Fate and Caution
1344,दसतिरको जोहो एकातिरको लहना,एकतिर जुरेको हुनु ।,सबै तिर ध्यान दिनु राम्रो हुन्छ,एकतिर मात्र लाग्नु राम्रो हुन्छ,धेरै जोहो गर्नु बेकार हो,Fate and Caution
1348,दशा लगोका बेलामा नखाएको विष पनि लाग्छ,नगरेको बिगारको पनि दोष आइलाग्नु ।,दशा लागेको बेला नखाएको विषले फाइदा गर्छ,विष खाए पनि दशा लाग्दैन,दशा लागेको बेला विष खानु राम्रो हुन्छ,Fate and Caution
1350,दसैँ होइन दशा आउनु,धेरै झन्झट भएर ।,दसैँमा मात्र नराम्रो कुरा हुन्छ,दसैँ आउनु भनेको खराब समय आउनु हो,दशा आउँदा मात्र दसैँ मनाइन्छ,Fate and Caution
1355,"दिउँसो दमिनी घोडा चड, राति दमिनी कपाल कोर",असुहाउँदो काम गर्नु ।,दमिनी घोडा चढ्न सिपालु छ,राति घोडा चढ्न सकिँदैन,कपाल कोर्नु घोडा चढ्न जत्तिकै गाह्रो काम हो,Fate and Caution
1389,दुःख पाए राडी नओढ्नु सुख पाएपछि सिरक नओछ्याउनु,कुनै कुरामा पनि सीमा ननाघ्नू ।,दुःख हुँदा राडी ओढ्नै नहुने,सुख हुँदा सिरक ओछ्याउन नपाइने,दुःख र सुख दुबै अवस्थामा केही पनि नगरी बस्नुपर्ने,Fate and Caution
1401,दाँत झिकेको बाघसँग कोही डराउँदैन,शक्तिहीनसँग डराउनुपर्दैन ।,बाघको दाँत झिक्दा बाघ अझै खतरनाक हुन्छ,दाँत झिकेको बाघले अझ धेरै आक्रमण गर्छ,बाघको दाँत झिकेपछि उसले मानिसलाई डर देखाउँछ,Fate and Caution
1444,दैवको चक्र सबैमाथि घुम्छ,दिन सबैलाई लाग्छ ।,दैवले मात्र गरिबलाई दुख दिन्छ,भाग्यले सधैं असफल बनाउँछ,दैवले धनीलाई कहिल्यै असर गर्दैन,Fate and Caution
1456,धनी हुँदैमा सिरक ओछ्याउनु हुँदैन,अति गर्नु हुँदैन ।,धनी भएपछी सिरक प्रयोग गर्नु बेकार हुन्छ,सिरक ओछ्याउँदा गरिबी आउँछ,धनी मानिसले सिरक ओछ्याउन नहुने नियम छ,Fate and Caution
1457,धनै रह्यो मनै रह्यो,दुवैको फाइदा ।,धन र मन दुवै सधैं रहन्छन्,धन भएको मान्छेको मन सधैं राम्रो हुन्छ,धन भएपछि मनको कुनै आवश्यकता हुँदैन,Fate and Caution
1467,धान छ भने नाइटोमा कुटेर पनि खान हुन्छ,फुर्ती लाएको ।,धान छ भने नाइटो दुखाए पनि केही फरक पर्दैन,धान छ भने नाइटोमा कुट्दा पनि धान फल्छ,नाइटोमा कुट्नाले धान राम्रो हुन्छ,Fate and Caution
1507,"नबिराउनु, नडराउनु",आत्मबल बढाइ हिँड्नु ।,नकुनै गल्ती नगर्नु र डराउनु नपर्ने,डराउनु नपर्ने भए पनि सधैं गल्ती गर्नु,नबिराउनु भनेको कहिल्यै डराउनु नपर्ने,Fate and Caution
1532,"नयाँ हुँदामा नौपुला चाल, पछि-पछि जगल्टाको काल",पुरानो भएपछि महत्त्वहीन हुनु ।,नयाँ हुँदा मानिसले धेरै गल्ती गर्छ,बूढो भएपछि मानिसले केही गर्न सक्दैन,नयाँ कुराहरू सधैं खराब हुन्छन्,Fate and Caution
1547,"नानीको बाबुको सति पनि गइनँ, विष पनि खाइनँ",उहिले मर्न डराएर एउटी महिलाले भनेकी ।,नानीको बाबु मरेनन्,सति जानु अनिवार्य छ,विष खाएर मात्र सति जान सकिन्छ,Fate and Caution
1561,निभेको आगो कसैले ताप्दैन,संसारको पारा स्वार्थी ।,निभेको आगो फेरि बल्छ,निभेको आगोले ठूलो क्षति गर्छ,निभेको आगो सबैलाई मनपर्छ,Fate and Caution
1593,"पापले पुण्य, धर्मले शून्य",कलीमा विपत्ति भयो भनेको ।,पापले पुण्य कमाइन्छ,धर्मले शून्य महत्व राख्छ,पाप गर्नाले पुण्य पाइन्छ,Fate and Caution
1594,पाए अन्त नपाए नरे थापाको जन्त,सकेसम्म अन्तैबाट काम हुने ।,पाए अन्त नपाए नरे थापालाई काम दिनुपर्छ,पाए अन्त नपाए नरे थापाको घर जानुपर्छ,नरे थापा अन्तिम विकल्प हो,Fate and Caution
1646,फिल्मी दुनियाँ क्यामेराको कमाल,क्यामेराले सबै मिलाउँछ ।,फिल्महरू क्यामेराले मात्र बनाइन्छन्,क्यामेराको प्रयोग बिना फिल्म बनाउन सकिन्न,फिल्ममा देखाइने सबै कुरा वास्तविक हुन्छ,Fate and Caution
1673,बाटो छाडे काँडो निभ्छ,गलत काम गरे दोष लाग्छ ।,काँडो निभाउन बाटो छोड्नुपर्छ,बाटो नछोडे काँडो बढ्छ,काँडो निभाउन बाटो बन्द गर्नुपर्छ,Fate and Caution
1711,बुढेसकालको पुता यता न उता,दुःख पाउँछ ।,बुढेसकालमा मानिसले धेरै यात्रा गर्छ,बुढेसकालमा मानिसले नयाँ कुरा सिक्न सक्छ,बुढेसकालमा मानिसले सजिलै काम गर्न सक्छ,Fate and Caution
1774,बिंड तातेर के गर्नु ताप्के ताते पो बेस,मुख्य मान्छेले काम थाल्नुपर्छ ।,बिंड तातेर ताप्के बिग्रन्छ,बिंड तातेर ताप्के चिसो हुन्छ,बिंड तातेर ताप्के फुट्छ,Fate and Caution
1811,भकारीमा धान छन् अर्कैले खान्छन्,आफ्नो वस्तुमा अर्काको रजाइँ ।,धान भकारीमा राख्दा बिग्रन्छ,धान भकारीमा राख्दा हराउँछ,अरूले धान भकारीमा राखिदिन्छन्,Fate and Caution
1818,भाग्यले बहादुरलाई मात्र अँगालो हाल्छ,बहादुरीमै भाग्य हुन्छ ।,भाग्यले कमजोरलाई अँगालो हाल्छ,भाग्यले डरपोकलाई मात्र अँगालो हाल्छ,भाग्यले परिश्रम नगर्नेहरूलाई अँगालो हाल्छ,Fate and Caution
1819,भगवान्‌ले दिए तालुमा ज्वानु फल्छ,जताबाट पनि फाइदा हुन्छ ।,भगवान्ले तालुमा ज्वानु फलाउँछन् भने बाल छैन,ज्वानु फल्दा भगवान् खुसी हुन्छन्,तालुमा ज्वानु फल्दा टाउको दुख्छ,Fate and Caution
1822,भदौमा आँखा फुटेको डिँगो सधैँ हरियो देख्छ,एकै नास सोच्ने,डिँगोले हरियो रंग मात्र देख्न सक्छ,भदौमा आँखा फुटेकोले दृष्टि राम्रो हुन्छ,डिँगोले सधैं हरियो घाँस खान्छ,Fate and Caution
1831,भाग्यमा छ भनेर डोकामा दूध अट्दैन,अरूको भर परेर मात्र काम बन्दैन ।,भाग्यमा छ भने डोकामा दूध अटाउन सकिन्छ,भाग्यमा छ भने सबै कुरा सजिलै मिल्छ,भाग्यमा छ भने कुनै प्रयास नगरी पनि सफलता पाइन्छ,Fate and Caution
1849,भुटे कुटेको सराबर पानी बराबर,कामी सार्की ।,भुटेको कुटेको कुरा पानीजस्तै सफा हुन्छ,भुटेको कुटेको कुरा पानीले मिलाउन सकिन्छ,भुटेको कुटेको कुरा सधैं पानीमा मिसिन्छ,Fate and Caution
1863,भोक लागेका बेलामा पाकेको केरा,ठीक मौकामा ठीक कुरा पाउनु ।,भोक लाग्दा केरा खानु हानिकारक हुन्छ,केरा पाकेपछि मात्र भोक लाग्छ,भोक लाग्दा केरा खानु राम्रो हुँदैन,Fate and Caution
1866,भोलि-भोलि हुँदैमा सब घर बितिगो बक्सियोस् आज भोली,भोलि- भोलि भनेर टार्ने प्रवृत्ति ।,भोलि-भोलि भन्दैमा समय धेरै हुन्छ भन्ने बुझिन्छ,भोलि-भोलि गर्दा काम सजिलै सकिन्छ भन्ने अर्थ लाग्छ,भोलि-भोलि गर्दा कुनै पनि समस्या आउँदैन भन्ने बुझिन्छ,Fate and Caution
1888,मरेपछि खा बाबै केरा,बाँचुन्जेल दुःख दिने पछि स्वाङ पार्ने ।,मरेपछि केरा खान पाइन्छ,मरेपछि बाबुले केरा खान्छन्,मरेपछि केरा खान अनिवार्य छ,Fate and Caution
1890,मरे लान पाइँदैन,मरेर गए सम्पत्ति लान नपाइने ।,मरेपछि सबै कुरा सँगै जान्छ,मरेपछि सम्पत्ति अनन्तकालसम्म रहन्छ,मरेपछि सबै कुरा नष्ट हुन्छ,Fate and Caution
1891,मरे आउन पाइँदैन,फर्की आउन नपाइने हुँदा ।,मरेपछि स्वर्गमा जान पाइँदैन,मरेपछि पुनर्जन्म हुँदैन,मरेपछि कसैको सम्झनामा रहँदैन,Fate and Caution
1898,मालिकलाई मही छैन नोकरलाई दही,मुख्यलाई भन्दा अमुख्यलाई महत्त्व दिनु ।,मालिकले मात्र दही खान पाउँछ,नोकरले मही खान पाउँदैन,मालिकले नोकरलाई दही दिन्न,Fate and Caution
1918,माल पाएर के गर्नु चाल पाए पो,जतन गरी राख्नुपर्छ ।,माल पाएपछि चालको आवश्यकता हुँदैन,चाल पाएपछि मालको कुनै मूल्य हुँदैन,माल र चाल दुवै नपाए पनि हुन्छ,Fate and Caution
1975,याँली ब्याँली दिन गुमाई जुनेली रातमा बिस्कुन सुकाइ,समयमा गफ गर्ने पछि काम गर्ने ।,याँली ब्याँली घाममा बिस्कुन सुकाउनु,रातमा बत्ती बालेर बिस्कुन सुकाउनु,जुनेली रातमा काम नगरी आराम गर्नु,Fate and Caution
1991,रुखमा फल पाकेपछि नझरी छाड्दैन,जन्मपछि मृत्यु अनिवार्य छ ।,रुखमा फल पाकेपछि झर्नु पर्दैन,फल पाकेपछि रुखले फललाई रोक्न सक्छ,फल झरेपछि मात्र पाक्छ,Fate and Caution
2001,राजारानी र आगो पानीसँग होस् गर्नुपर्छ,सबै ख्याल राख्नुपर्छ,राजारानीले आगो र पानीसँग खेल्नुपर्छ,राजारानीले आगो र पानीलाई नियन्त्रण गर्न सक्छन्,राजारानीले आगो र पानीलाई सधैं साथमा राख्नुपर्छ,Fate and Caution
2096,शोक न सुर्ता भोक न भकारी,केही आस्था नभएको मान्छे ।,शोक र सुर्ता नभए पनि भकारी सधैं भरिएको हुन्छ,भोक न लागे पनि मानिसले सधैं खाना खानुपर्छ,दुःख नपाए पनि भकारी सधैं खाली रहन्छ,Fate and Caution
2110,सबै जोगी मरे मेरै तुम्बा भरे,अरू मरे आफू थुपारुँला भन्ने स्वार्थी मान्छे ।,सबै जोगी मरे भने म मात्रै बाँच्छु,सबै जोगी मरे भने मेरै तुम्बा भरिन्छ,जोगीहरूको मृत्यु मेरो लागि फाइदाजनक हुन्छ,Fate and Caution
2111,सर्प पनि मरोस् लट्ठी पनि नभाँचियोस्,काम बनोस् तर साधन नबिग्रियोस् ।,सर्पलाई मार्न लट्ठीको प्रयोग गर्नु हुँदैन,लट्ठीले सर्पसँग मित्रता गर्छ,सर्प मर्नु भनेको लट्ठीको विजय हो,Fate and Caution
2112,सहनेको घरबास नसहनेको वनबास,धैर्य गरे सबैमा एकदिन फाइदा हुन्छ ।,सहन सक्ने मानिसलाई घरमा बस्न दिइँदैन,नसहने मानिसलाई घरमा बस्न दिइन्छ,सहनशील मानिसले मात्र वनमा बस्नुपर्छ,Fate and Caution
2134,सिङ हुनेको र पिँध नहुनेको विश्वास नगर्नू,धोका पाइन्छ।,सिङ हुनेलाई सधैं झुक्नुपर्छ भन्ने अर्थ दिन्छ,पिँध नहुनेलाई कहिल्यै विश्वास गर्न नहुने सन्देश दिन्छ,सिङ भएका जनावरहरूलाई मात्रै विश्वास गर्नुपर्छ भन्ने देखाउँछ,Fate and Caution
2162,स्यालको सिकारमा जाँदा बाघको खजना बोक्नुपर्छ,साना कामका लागि पनि ठूलो कामका साधन व्यवस्था गर्नु ।,स्यालको सिकारमा जाँदा बाघसँगै जानुपर्छ,स्यालको सिकार गर्न बाघको सहयोग लिनुपर्छ,स्यालको सिकारमा बाघलाई सिकार गर्नुपर्छ,Fate and Caution
2175,हग्न नजाने पछि सोहोर्नुपर्छ,काम बिगार्यो भने दुःख पाइन्छ ।,शौचालय प्रयोग गर्न नजानेपछि सफा गर्नुपर्छ,लेख्न नजानेपछि मेट्नुपर्छ,खाना बनाउन नजानेपछि फ्याँक्नुपर्छ,Fate and Caution
2213,"अघिपछि स्याहार, चोर आउने दिन बिस्याहार",अघिपछि ख्यालविचार गरे तापनि बिग्रने दिन होस हुँदैन।,चोरले अघिपछि स्याहार गरेर आउने दिन बिस्याहार गर्छ,स्याहार गर्दा चोर आउँछ,बिस्याहार गर्दा चोरलाई थाहा हुन्छ,Fate and Caution
2234,आँटी छोरालाई बाघले खाँदैन (छुन सक्दैन),शूरो वा हिम्मती मानिसले डराउनुपर्दैन।,आँटी छोराले बाघलाई खाउँछ,बाघले आँटी छोरालाई डराउँछ,बाघ आँटी छोराको साथी हुन्छ,Fate and Caution
2236,"आगलागी झुपडी (झोपडी), डेढ घडी भद्रा",बित्न लागेको कुरामा मौका पर्खिरहनु ठीक होइन।,झुपडीमा आगो लगाउँदा रमाइलो हुन्छ,आगलागी हुँदा झुपडीमा केही असर हुँदैन,डेढ घडी भद्रा भनेको समय मिलाएर काम गर्नु हो,Fate and Caution
2262,"आयो दसैँ ढोल बजाई, गयो दसैँ रिन बोकाई",गरिबहरूका निम्ति खुसी बोकेर आउने चाड दुःख थपेर बिदा हुन्छ।,दसैँ आउँदा ढोल बजाएर रमाइलो गरिन्छ,दसैँमा सबैले ऋण लिन्छन्,दसैँमा ढोल बजाउनै पर्छ,Fate and Caution
2263,आयो मुनाल (निदुली) तेरो काल,छिटै सिध्याइने वा मारिने बेला आइसकेको अवस्था।,मुनालले सधैं खराब भाग्य ल्याउँछ,मुनालले कसैलाई बचाउन सक्दैन,मुनालको आगमनले सबैलाई डराउँछ,Fate and Caution
2275,"उम्केको माछो तीन धार्नी, मरेकी छोरी जम्दार्नी",कति कुरालाई बितिसकेपछि मात्रै ठूलो ठान्ने गरिन्छ।,उम्केको माछो सानो हुन्छ,मरेकी छोरीले धेरै सम्पत्ति ल्याउँछे,माछा समात्न सजिलो हुन्छ,Fate and Caution
2307,कागले कान लग्यो भन्दा आफ्नो कान नछामी कागको पछि दगुर्ने,साँचो कुरा नबुझी त्यसै होहोमा दौडने।,कागले कान खायो भनेर विश्वास गर्नु,आफ्नो कान हरायो भनेर सोधखोज नगर्नु,कागले कान चोरेर भाग्यो भनेर कागलाई समात्न दौडनु,Fate and Caution
2350,खानु न पिउनु पुर्पुरोमा चिनु,लिनुखानुबिनाको अपजस ।,खानु न पिउनु भनेको स्वस्थ जीवनशैली हो,चिन्ता गर्दा मात्र जीवन सफल हुन्छ,पुर्पुरोमा चिनु भनेको टाउको दुख्नु हो,Fate and Caution
2402,जब फ्यो (भयो) राति अनि बूढी ताती,बेला घर्केपछि काममा लाग्न खोज्ने ।,बूढीले जाडो महसुस गर्न रात पर्खिनुपर्छ,बूढीले रातमा मात्रै तातो महसुस गर्छिन्,बूढी दिनभरि चिसो हुन्छिन् र राति मात्रै तातिन्छिन्,Fate and Caution
2425,जो गर्छ झेला उही पर्छ फेला,झेल गर्ने मान्छे आफैँ झमेलामा पर्छ ।,"जो झगडा गर्छ, ऊ सधैं हराउँछ","जो काम गर्छ, ऊ असफल हुन्छ","जो सहयोग गर्छ, ऊ नै समस्यामा पर्छ",Fate and Caution
2448,डुब्न लागेकालाई सिन्काको सहारा/तृणको आधार,आपत्मा परेकालाई थोरै भए पनि आड भरोसा ।,डुब्न लागेकालाई सिन्काको सहारा दिएर बचाउन सकिन्छ,सिन्काको सहारा लिएर डुब्नबाट बच्न सकिन्छ,डुब्न लागेको व्यक्तिलाई सिन्काले तान्न सक्छ,Fate and Caution
2484,"नआत्तिनू, नमात्तिनू",हडबडाउनु र उम्लिनु हुँदैन।,नआत्तिनू भनेको डराएर भाग्नू,नमात्तिनू भनेको कहिल्यै खुसी नहुनू,नआत्तिनू भनेको सधैं शान्त रहनु,Fate and Caution
2491,नदुखेको कपाल डोरी लाएर दुखाउनु,आफैँले नचाहिने झन्झट बेसाउनु ।,कपाल नदुखे पनि डोरीले दुख्न सक्छ,कपाललाई डोरीले बाँध्दा मात्र दुख्छ,कपाल दुख्न नदिन डोरी लगाउनुपर्छ,Fate and Caution
2519,"बलियाबाङ्गा बाघलाई, बूढाखाडा माघलाई","बलिया मानिसलाई तागतले मात्र ढाल्छ, तर बूढा र निर्धालाई जाडाले पनि सिध्याउँछ।",बूढाखाडा माघमा बलियो हुन्छ,बाघले माघमा आक्रमण गर्दैन,माघ महिनामा बूढा मानिसहरू बलिया हुन्छन्,Fate and Caution
2527,बाह्र वर्षपछि(मा) खोलो फर्कन्छ,धेरै दिनपछि त्यस्तो दिन आउँछ जुन दिन असम्भव लागेको कुरा पनि सम्भव भइदिन्छ।,खोलोले बाह्र वर्षपछि मात्र बग्न सुरू गर्छ,खोलो बाह्र वर्षसम्म सुक्खा रहन्छ,खोलो बाह्र वर्षपछि मात्र आफ्नो दिशा परिवर्तन गर्छ,Fate and Caution
2538,बीउ र जीउ राखे काम लाग्छ,"बीउ जोगाई राखे बेलामा बाली लगाउन पाइन्छ, त्यस्तै स्वास्थ्य तन्दुरुस्थ बनाउन सके कुनै बेला पनि काममा अघि सर्न सकिन्छ ।",बीउ र जीउ राखे मात्र काम हुँदैन,बीउ र जीउ राखेपछि तुरुन्तै फल पाइन्छ,बीउ र जीउ राख्नाले सधैं सफल भइन्छ,Fate and Caution
2584,मियाँको दौड मस्जिदतक (सम्म),सधैँ हिँड्ने वा काममा लाग्ने ठाउँसम्मको ताक।,मियाँ केवल मस्जिदसम्म दौड्न सक्छन्,मियाँको लक्ष्य सधैं मस्जिद मात्र हो,मियाँ अरू ठाउँ जानै सक्दैनन्,Fate and Caution
2636,सर्प (साँप) गइसकेपछि गोही कुटी के फाइदा !,मौका चुकेपछि चुरीफुरी देखाएर काम लाग्दैन।,गोही कुट्दा सर्प फर्केर आउँछ,सर्प र गोही मिलेर आउँछन्,गोही कुट्दा सर्पलाई असर पर्छ,Fate and Caution
2640,साठनमा आँखा फुटेको गोरु सधैँ हरियो देख्छ,थाहा नपाउनेले सबै थोक राम्रै भएको ठान्छ।,गोरुले हरियो रंग मात्र देख्न सक्छ,आँखा फुटेको गोरु हरियो रंगको पछि लाग्छ,गोरुले सधैं हरियो घाँस मात्र खान्छ,Fate and Caution
2649,सूर्यलाई हत्केलाले ढाकेर ढाकिँदैन,कुनै ठूलो कुरालाई साना कुराले छोप्न वा लुकाउन सकिँदैन।,सूर्यलाई हत्केला दिएर छोप्न सकिन्छ,हत्केलाले सूर्यलाई सधैं ढाक्न सकिन्छ,सत्यलाई सधैं लुकाउन सकिन्छ,Fate and Caution
2654,"हतारमा बिहे गर्ने, फुर्सदमा पछुताउने",हडबडाएर काम गर्नाले राम्रो कुरा भए पनि पछि थकथकाउनुपर्ने हुन्छ ।,हतारमा बिहे गर्दा धेरै पैसा बचत हुन्छ,फुर्सदमा पछुताउने भनेको रमाइलो गर्ने समय हो,हतारमा बिहे गर्दा जीवन सजिलो हुन्छ,Fate and Caution
2661,"हात्ती छिर्‍यो, पुच्छर अड्क्यो",मुख्य कामकुरो सकिएर पनि थोरैको अड्काउ।,"हात्ती सानो हुन्छ, पुच्छर ठूलो हुन्छ",हात्तीले आफ्नो पुच्छर थाम्न सक्दैन,पुच्छरले हात्तीलाई रोक्न सक्छ,Fate and Caution
2670,"हुने बिरुवाको चिल्लो पात, नहुने बिरुवाको फुस्रो (खस्त्रो) पात",सप्रने र बिग्रने लक्षण पहिले नै थाहा हुन्छ ।,हुने बिरुवाको पात सधैं चिल्लो हुन्छ,नहुने बिरुवाको पात कहिल्यै राम्रो हुँदैन,बिरुवाको गुण पातको आधारमा मात्र थाहा हुन्छ,Fate and Caution
2671,हुने बेलामा गोरु पनि बियाउँछ,सप्रने बेलामा नपत्याइने किसिमले फाइदा हुन्छ ।,गोरु मात्र हुने बेलामा बियाउँछ,गोरु बियाउनको लागि कुनै समय चाहिन्छ,गोरु बिनै बाच्छा जन्मन्छ,Fate and Caution
2678,बिहे गर्ने अलमलमा केटी खोज्नै बिर्सियो ।,धेरै कुरा मिलाउन खोज्दा मुख्य काम नै बिर्सिनु ।,बिहे गर्न लाग्दा केटीलाई मनाउन बिर्सियो,बिहे गर्ने सोच्दा केटीसँग भेट्न बिर्सियो,बिहे गर्न हतार गर्दा केटीलाई बोलाउन बिर्सियो,Fate and Caution
2679,हग्ने बेलामा चाक खोज्नु ।,कामको लागि आवश्यक उपकरणहरू जम्मा गर्न अन्तिम मिनेट सम्म पर्खनु ।,समयमै काम नगर्ने,अरूको सहयोग बिना केही गर्न नसक्ने,सधैं अरूलाई दोष दिने,Fate and Caution
2705,दौरा न सौराको खल्ती ।,"निजगढ अन्तर्राष्ट्रिय विमानस्थलको डिपीआर तयार नहुँदै, निर्माण लागत, खर्च कसले व्यहोर्ने टुंगो नभई रुख काट्न हतार भएको भन्दै उनले भने, ""दौरा न सौराको खल्ती भनेको यही हो ।""",दौरामा सौराको खल्ती हुन्छ,दौरा सौराको खल्तीमा राखिन्छ,दौरा सौराले खल्ती बनाउँछ,Fate and Caution
2725,ठेस लाग्न भिर चाहिन्न ।,"तपाइँलाई तपाइँको लक्ष्यहरू प्राप्त गर्नबाट रोक्नको लागि ठूलो विपत्तिको आवश्यकता पर्दैन । कहिलेकाहीँ, स-साना बाधाहरू तपाईंलाई असफल बनाउन पर्याप्त हुन्छन् ।",ठेस लाग्न पहाड चढ्नुपर्छ,ठेस लाग्न सधैं ठूलो कारण चाहिन्छ,ठेस लाग्न समुद्रमा जानुपर्छ,Fate and Caution
2735,न्याउरी मारी पछुतो ।,केहि मूर्ख वा गलत गरे पछि पछुताउनु व्यर्थ छ किनकि तपाईले विगतलाई बदल्न सक्नुहुन्न। कुनै पनि कदम चाल्नु भन्दा पहिले सोच्नु बुद्धिमानी हुन्छ।,न्याउरी मारेपछि खुशी हुन्छ,न्याउरी मारेपछि पुरस्कार पाइन्छ,न्याउरी मारेपछि सबै समस्या समाधान हुन्छ,Fate and Caution
2743,हलुवामा बालुवा ।,राम्रो कुरालाई बिगार्नु ।,हलुवामा बालुवा स्वादिष्ट हुन्छ,हलुवामा बालुवा मिसाउँदा मिठो हुन्छ,हलुवामा बालुवा स्वास्थ्यका लागि राम्रो हुन्छ,Fate and Caution
2752,नजाने गाउँको बाटो नसोध्नु ।,तपाईसँग सरोकार नभएका कुराहरूमा समय बर्बाद नगर्नुहोस् ।,नजाने गाउँको बाटो कहिल्यै नछोड्नु,नजाने गाउँमा जानु नै हुँदैन,नजाने गाउँको बाटोमा हिँड्न डराउनु,Fate and Caution
2771,भाग्यमा छ भन्दैमा डोकोमा दुध दुहेर अडिँदैन ।,भाग्यमा छ भन्दैमा असम्भव कुरा प्राप्त हुँदैन ।,भाग्यमा छ भने जे गरे पनि सफल हुन्छ,डोकोमा दुध दुहेर भाग्य बढाउन सकिन्छ,भाग्यले मात्र काम सफल हुन्छ,Fate and Caution
2800,दुर्गंधित भन्ने थाहा पाएपछि उधिनिरहनु पर्दैन ।,"कुनै कुरा अथवा व्यक्ति नराम्रो हो भन्ने थाहा हुँदा हुँदै, त्यसको बारेमा धेरै चर्चा गर्नु जरुरि पर्दैन ।",दुर्गंधित कुरा राम्रो हुन्छ,दुर्गंधित कुरा सधैं उधिनिरहनु पर्छ,दुर्गंधित कुरा सुधार्न सकिन्छ,Fate and Caution
4,"अल्छीको बल्छी पाखुरेको जाल, मर्दको दुवाली माछाको काल",बल दाँज्नु र छुट्याउनु ।,अल्छी मान्छेले बल्छी बनाएर माछा समात्छ,मर्द मान्छेको दुवालीले माछा मर्छ,बलियो पाखुरे मान्छेले माछा समात्न जाल फाल्छ,Hard Work and Perseverance
6,अगुल्टो पनि नठोसी बल्दैन,एकैठाउँमा बसेपछि कहिलेकाहीँ विवाद हुन्छ ।,अगुल्टो नठोसी आगो बल्छ,अगुल्टोले आगो निभाउँछ,अगुल्टो बिना आगो आफैं बल्छ,Hard Work and Perseverance
64,"अघि सर्ने सारे, पछि हट्ने धन्यको बेसारे",स्वार्थी प्रवृत्ति देखाउनु,आगो सर्ने राम्रो हुन्छ,पछि हट्नेले सधैं हार्छ,बेसारे हुनु राम्रो हो,Hard Work and Perseverance
70,"अड्डाको बाली, वर्ष दिन टाली",ढिलासुस्ती गर्नु,अड्डामा काम कहिल्यै हुँदैन,अड्डामा काम गर्दा वर्ष दिन लाग्छ,अड्डामा गएपछि बाली लगाउनुपर्छ,Hard Work and Perseverance
108,"असारमा डुल्ने, पदनीमा भुल्ने",सुनौला मौका गुमाउनु ।,असारमा डुल्दा धेरै पैसा कमाइन्छ,पदनीमा भुल्दा राम्रो हुन्छ,असारमा काम नगरी डुल्नु राम्रो हो,Hard Work and Perseverance
121,अल्छी तिघ्रो स्वादे जिब्रो,विनापरिश्रम मिठो खान खोज्नु,अल्छी मानिसले मीठो खाना बनाउन सक्छ,तिघ्रो जिब्रो भएकोले अल्छी हुन्छ,स्वादे जिब्रो भएकाले तिघ्रो दुख्छ,Hard Work and Perseverance
167,अघि फाला-फाल पछि पुग अपुग,उराल-धुराल गर्ने,"पहिले धेरै काम गर, पछि केही नगर्नु","सुरुवातमा समय खेर फाल, पछि आराम गर","पहिले धेरै पैसा खर्च गर, पछि थोरै कमाउ",Hard Work and Perseverance
219,"अरूको खुट्टाले कति दिन हिँड्ने, आफ्नो खुट्टाले हिँड्ने पो हिँड्ने",स्वाबलम्बी हुनुपर्छ ।,अरूको खुट्टा मागेर हिँड्न सकिन्छ,आफ्नो खुट्टा भए पनि हिँड्न सकिँदैन,अरूको खुट्टाले सधैं हिँड्न सकिन्छ,Hard Work and Perseverance
253,अल्छीका ओठमा आहानका झुप्पा,अल्छीले कुरा मात्र धेर गर्छ,अल्छी मान्छेले धेरै काम गर्छ,अल्छी मान्छेले सधैं सत्य बोल्छ,अल्छी मान्छेले कहिल्यै बहाना बनाउँदैन,Hard Work and Perseverance
255,"अल्छीको खेती केरा, बुद्धिमानको खाना केरा",धेरै दुःख नहुनु,केरा खाएर मान्छे अल्छी हुन्छ,बुद्धिमान मान्छेले मात्र केरा खान्छ,केरा खेती गर्न सजिलो हुन्छ,Hard Work and Perseverance
256,अल्छीको घर तारामण्डल छानो सिवाले भित्तो,अल्छीको केही पनि हुँदैन,अल्छी मान्छेको घरमा ताराहरू बस्छन्,सिवाले भित्तो बनाउँछ,अल्छीको घरमा तारामण्डलले छानो बनाउँछ,Hard Work and Perseverance
258,"अल्छी निद्रा हाइ हाइ, यिनै हुन् कालका भाइ",कुलच्छिन देख्नु ।,अल्छी हुनु राम्रो हो,निद्रा बढी लिनु स्वास्थ्यको लागि फाइदाजनक हुन्छ,हाइ गर्दा ऊर्जा बढ्छ,Hard Work and Perseverance
259,अल्छीलाई बल्छी मर्दलाई जाल,काम गर्न जाँगर चाहिन्छ ।,अल्छी मानिसले माछा मार्न बल्छी प्रयोग गर्छ,मर्द मानिसले जाल फ्याँक्छ,अल्छी र मर्द मानिसहरू माछा मार्न जान्छन्,Hard Work and Perseverance
260,अल्छीलाई आँगन नै परदेश,केही गर्न नसक्ने,आँगन परदेश भए पनि अल्छीले सजिलै काम गर्छ,परदेश जान अल्छीलाई मन पर्छ,अल्छीले परदेशमा मात्र काम गर्न सक्छ,Hard Work and Perseverance
264,अल्छीका जति जैसीले जान्दैन,अल्छीले अनेक बहना गर्छ,अल्छी मान्छेले सबै कुरा जान्दछ,"अल्छी मान्छेले जति काम गर्छ, अरूले गर्न सक्दैन",अल्छी मान्छेले सधैं सही निर्णय लिन्छ,Hard Work and Perseverance
267,असल कामको असलै दाम,राम्रो काम गरे राम्रै फल पाइन्छ,असल काम गरे पनि दाम पाइँदैन,असल कामको कुनै मूल्य हुँदैन,राम्रो काम गर्दा घाटा हुन्छ,Hard Work and Perseverance
272,"असारमा डुल्ने, दर्जा पाउने बेलामा भुल्ने",समयको वास्ता खर्च बढी गर्ने ।,असारमा डुल्नाले दर्जा पाउन मद्दत गर्छ,असारमा काम नगरे पनि दर्जा सजिलै पाइन्छ,असारमा डुल्नेले सधैं उच्च दर्जा पाउँछ,Hard Work and Perseverance
284,"आँप खाने पो काम छ, रुख गन्ने काम छैन","मतलबको काम गर्नुपर्छ, बेमतलबको काम गर्नु हुन्न ।",रुख गन्ने काम महत्त्वपूर्ण छ,आँप खानु बेकार छ,काम नगरी पनि फल खान पाइन्छ,Hard Work and Perseverance
308,आफैँ त महादेव उत्तानो पर कसले देला वर,जसले काम दिन्छ उसैलाई फुर्सद छैन ।,महादेवले वर माग्दै छन्,महादेवले अरूलाई वर दिन्छन्,महादेवले कसैलाई वर दिन चाहँदैनन्,Hard Work and Perseverance
328,"आन्द्रा लागे छुत्ती खेल्न, तिघ्रा लाग्यो काम्न, सक्तिनँ महाराज पत्थर कला थाम्न",नखाईकन केही गर्न सकिँदैन ।,आन्द्रा लागे छुत्ती खेल्न भनेको पेट दुख्दा रमाइलो गर्न पाइन्छ,तिघ्रा लाग्यो काम्न भनेको खुट्टा दुख्दा नाच्न पाइन्छ,सक्तिनँ महाराज पत्थर कला थाम्न भनेको ढुंगा समात्न गाह्रो छैन,Hard Work and Perseverance
335,आमाको दूध खाएर भएन बाबुको घुँडा चुस्नु,गलत ढङ्गले आर्जन गर्न खोज्नु ।,आमाको दूध खाएर मानिस बलियो हुँदैन,बाबुको घुँडा चुस्नुपर्छ भनेको सम्मान गर्नु हो,यो उखानले आमाबाबुको सम्मान नगर्नु भन्न खोजेको हो,Hard Work and Perseverance
347,"आफ्नो जाँगर चल्दैन, मझेरीमा फल्दैन",जाँगर नचलाए त्यसै काम बन्दैन ।,मझेरीमा फल नहुने कारण जाँगर नचल्नु हो,मझेरीमा फलहरू बोटबिरुवाबाट झर्छन्,मझेरीमा फल फलाउन जाँगर चलाउनु पर्छ,Hard Work and Perseverance
356,"आयो घोडा लम्केर, के हुन्छ र गम्केर",प्रस्ट कुरा नगर्नु,घोडा चाँडो आयो भने डराउनु पर्छ,घोडा आयो भने गम्केर मात्र हुन्छ,घोडा आयो भने केही गर्नु पर्दैन,Hard Work and Perseverance
391,आफू गए पूरा काम अरू गए आधा काम,अरूको भर नपर्नू ।,आफूले काम गर्दा अरूको काम बिग्रिन्छ,अरूले काम गर्दा कहिल्यै पूरा हुँदैन,आफूले नगरे अरूले केही गर्न सक्दैनन्,Hard Work and Perseverance
400,आँटिलो छोरालाई छेक न थुन,आँट गर्नेलाई दैवले सहायता गर्छ ।,आँटिलो छोरालाई थुन्न सकिन्छ,आँटिलो छोराले कहिल्यै गल्ती गर्दैन,आँटिलो छोरालाई सधैं रोक्नुपर्छ,Hard Work and Perseverance
425,आजको कामलाई भोलि कहिल्यै नभन्नु,भाका राख्दा बिग्रन्छ ।,काम कहिल्यै नगर्नु,सबै काम अन्तिम समयमा मात्रै गर्नु,आजको काम अरूलाई सुम्पिनु,Hard Work and Perseverance
433,आपत्मा हिम्मतले काम लिनुपर्छ,न आत्तिई काम गर्नु,आपत्मा डराएर भाग्नुपर्छ,आपत्मा अरूलाई दोष दिनुपर्छ,आपत्मा केही गर्नै पर्दैन,Hard Work and Perseverance
461,आफ्नो शिरको घैला आफैँले उतार्नुपर्छ,आफ्नो बोझ आफैँले हेर्नु,अरूले तपाईंको घैला उतारिदिन्छन्,शिरमा घैला राख्नै पर्दैन,घैला उतार्न अरूको सहयोग लिनुपर्छ,Hard Work and Perseverance
474,आले टाले दिनै गाले,अलमलिएर काम ठग्नु ।,आले टाले गर्दा दिन गुम्छ,सधैं काम गरिरहनु पर्दैन,काम नगरी दिन बित्छ,Hard Work and Perseverance
499,"इलमीको भागमा माछा र मासु, अल्छीको आँखामा आँसु",पौरखीले सुख पाउँछ अल्छीले दुःख |,इलमीले सधैं माछा र मासु खान्छ,अल्छीले सधैं रोइरहन्छ,इलमी र अल्छी एउटै हुन्,Hard Work and Perseverance
529,उद्देश्य के लिनु उडी छुनु चन्द्र एक,उद्देश्य ठूलो लिनुपर्छ ।,उडेर चन्द्रमामा पुग्न सकिन्छ,चन्द्रमालाई छुनु सजिलो छ,उद्देश्य लिनु भनेको चन्द्रमा उडेर पुग्नु हो,Hard Work and Perseverance
530,उद्योगी कमिलो पहाड पल्लोपट्टि पुगी बिहे गर्छ,पुरुषार्थी बन भनेको,कमिला पहाड चढ्न सक्छ,कमिला पहाड पल्लोपट्टि बिहे गर्न जान्छ,कमिलाले बिहे गर्दा पहाड चढ्नुपर्छ,Hard Work and Perseverance
531,"उद्योगीको भागमा माछा र मासु, अल्छीको आँखामा आँसु",अल्छीले नै दुःख पाउँछ ।,उद्योगीले माछा र मासु मात्र खान पाउँछ,अल्छीले सधैं रोइरहन्छ,माछा र मासु पाउन उद्योगी हुनैपर्छ,Hard Work and Perseverance
532,उद्योगीसँग भाग्य लट्ठिन्छ,भाग्यले पनि साथ दिन्छ ।,उद्योगीले भाग्यलाई नियन्त्रण गर्न सक्दैन,उद्योगीलाई भाग्यले कहिल्यै साथ दिँदैन,उद्योगीले मात्र भाग्यको भरमा काम गर्छ,Hard Work and Perseverance
582,"उठेर रोप्ने, बसेर काट्ने, गोडाले माड्ने टोपीले बाँड्ने",थोरै फापर,"उठेर रोप्नेले मात्र काम गर्छ, अरूले केही गर्दैन",टोपी लगाउनेले मात्र सबै बाँडफाँड गर्छ,गोडाले माड्नु भनेको काम बिगार्नु हो,Hard Work and Perseverance
619,एक थुकी सुकी हजार थुकी नदी,थोरै थोरैबाट नै धेरै हुन्छ ।,एक जनाले गरेको काम सधैं असफल हुन्छ,धेरैजनाले प्रयास गरे पनि नतिजा आउँदैन,सानो प्रयासले ठूलो उपलब्धि हासिल हुँदैन,Hard Work and Perseverance
641,एकहोरो रोटी पाक्दैन,कामकाज गर्दा दुईथरीलाई फाइदा हुनु ।,रोटी पकाउन एकै पटक धेरै ध्यान दिनु पर्दैन,रोटी पकाउन एक किसिमको तरिका मात्र प्रयोग गर्नुपर्छ,एक पटकमा धेरै रोटी पकाउन सकिन्छ,Hard Work and Perseverance
645,"एकदुई कदम बढायो, गोर्खालीदेखि संसार डरायो",नेपालीले यसो भनी नाम कमाए ।,गोर्खालीहरू सधैं डराउँछन्,गोर्खालीहरूले कहिल्यै कदम अघि बढाउँदैनन्,संसारले गोर्खालीहरूलाई कहिल्यै गम्भीरतापूर्वक लिँदैन,Hard Work and Perseverance
666,एक कहनु सय गर्नु,धेरै गर्नु थोरै भन्नु ।,धेरै बोल्नु तर केही नगर्नु,अरूलाई काम लगाएर आफैं नबस्नु,"कुरा मात्र गर्नु, काम नगर्नु",Hard Work and Perseverance
700,एनी हाउ काम चलाउ,दुःख टार्ने पर्यो भनेको ।,कुनै पनि हालतमा काम चलाउनुपर्छ,जसरी पनि काम गर्नुपर्छ,"कामको गुणस्तरको मतलब छैन, जसरी पनि गर",Hard Work and Perseverance
704,ऐस गर्नु पैसा बटुल्नु,रूपैयाँ जम्मा गर्ने दाउ ।,धेरै काम गर्नु,धेरै खर्च गर्नु,समय खेर फाल्नु,Hard Work and Perseverance
719,औँला टेके पो पैतला टेक्न पाइन्छ,सानो ठाउँमा बसी धेरै फाइदा हुन्छ ।,औँला टेकेपछि पैतला टेक्न सकिँदैन,औँला टेक्दा पैतला दुख्छ,पैतला टेक्न औँला टेक्नु जरूरी छैन,Hard Work and Perseverance
721,ओठ नचरी तिर्खा मेट्नु,नहुने कुरा,ओठ नचलाए पनि पानी पिउन सकिन्छ,बोल्नै नपरी समस्या समाधान हुन्छ,प्रयास नगरी पनि चाहेको प्राप्त हुन्छ,Hard Work and Perseverance
733,औंला भाँच्नु,हिसाब गर्नु ।,औंलामा चोट लाग्नु,औंला काट्नु,औंला टुट्नु,Hard Work and Perseverance
763,कर गरेर आची आउँदैन,असम्भव कुरा बल गरेर हुँदैन ।,कर तिर्दा पेट दुख्छ,कर तिर्दा शरीर कमजोर हुन्छ,धेरै कर तिरेपछि शरीरमा समस्या आउँछ,Hard Work and Perseverance
767,कुमाले आफ्नो हाँडी आफैँ सर्काउँछ,आफ्नो वस्तुको बढाइचढाइ गर्नु ।,कुमालेले अरूको हाँडी सर्काउन सक्दैन,हाँडी सधैं कुमालेले मात्र सर्काउँछ,कुमालेले हाँडी सधैं बिगार्छ,Hard Work and Perseverance
793,"काममा हीरा फोर्नु, बेकाममा नुन ढिकी नफोर्नु",बेकाममा खर्च नगर्नु मौकामा निर्धक्क भएर खर्च गर्नु ।,काममा हीरा फोर्नु भनेको काम बिगार्नु हो,बेकाममा नुन ढिकी नफोर्नु भनेको आराम गर्नु हो,यो उखानले मेहनत नगर्नु भन्ने सन्देश दिन्छ,Hard Work and Perseverance
806,काम देऊ कुरा नदेऊ,बोल्ने होइन गरेर देखाउनुपर्छ,"काम मात्र देऊ, तलब नदेऊ","काम गर, तर कुरा गर्न नपाऊ","अरूलाई काम देऊ, आफूले केही नगरे पनि हुन्छ",Hard Work and Perseverance
808,काम पनि नाईं माम पनि नाईं,कर्म नगर्नेले फल पनि पाउँदैन,काम नगर्ने तर पैसा चाहिने,काम गर्न मन नलाग्ने तर गुनासो गर्ने,न काम गर्ने न त जिम्मेवारी लिने,Hard Work and Perseverance
836,कर्तव्य यदि गर्नु छ भने तनमनले नै गर,ध्यान दिएर काम गर्नुपर्छ,कर्तव्य गर्दा तनमनको सट्टा अरूले गरिदिनुपर्छ,कर्तव्य गर्दा आधा मनले गरे पनि पुग्छ,कर्तव्य गर्नुपर्दा ध्यान दिनु आवश्यक छैन,Hard Work and Perseverance
837,कर्म र कर्तृ मिल्नुपर्छ,याङ र ठ्याङ मिल्ने,कर्म गर्नै पर्दैन,कर्ताले कर्म गर्न नपर्ने हो,कर्म र कर्ताले कहिल्यै सँगै हुनुपर्दैन,Hard Work and Perseverance
888,चुठ्नुभन्दा पुछ्नु बल,मुख्य काममा भन्दा सहयोगी काममा बढी मिहिनेत पर्नु ।,चोरी गर्नुभन्दा सफा गर्नु राम्रो,झगडा गर्नुभन्दा माफी माग्नु राम्रो,काम गर्नुभन्दा अरूलाई दोष दिनु राम्रो,Hard Work and Perseverance
944,जति गर्यो बराजु गेडा बाहिरै,कार्यसिद्ध नहुनु ।,बराजुले धेरै काम गर्दा पनि फल पाइएन,मेहनत गर्दा पनि नतिजा राम्रो आएन,जति प्रयास गरे पनि बाहिरी देखावटी मात्र भयो,Hard Work and Perseverance
966,जसले बोक्छ डोको उसलाई खान के धोको,जसले श्रम गर्छ उसलाई खानको दुःख हुँदैन ।,डोको बोकेकोले खान चाहँदैन,डोको बोकेको मानिसलाई खान मन लाग्दैन,डोको बोक्नेलाई खानको आवश्यकता हुँदैन,Hard Work and Perseverance
974,"जसलाई तिर्खा लाग्छ, उही खोला धाउँछ",जसलाई काम पर्छ उही धाउनु पर्छ ।,"जसलाई तिर्खा लाग्छ, उही खोला बन्द गर्छ","जसलाई तिर्खा लाग्छ, उही घरमा बस्छ","जसलाई तिर्खा लाग्छ, उही समुद्रमा जान्छ",Hard Work and Perseverance
978,जसले मह काढ्छ उसैले हात चाट्छ,काम गर्ने मान्छेले सुख पनि पाउँछ ।,जसले मह काढ्छ उसले हात धोएर खानुपर्छ,जसले मह काढ्छ उसले अरूलाई हात चाट्न दिनुपर्छ,जसले मह काढ्छ उसले हातमा मह लाग्न दिनु हुँदैन,Hard Work and Perseverance
999,जसजसले सक्ला उसउसले खाला,"मनपरी गर्नु, लापरबाही काम गर्नु ।","जसले सक्दैन, उसले पनि खाला","जसले सक्ला, उसले नखाला","जसले सक्ला, उसले अरुलाई खुवाउँला",Hard Work and Perseverance
1027,जहाँ आली उहीँ बाली,खेतमा राम्रो गर्नु भनेको ।,अल्छी मानिसले पनि राम्रो फल पाउँछ,मेहनत नगरी पनि सफलता मिल्छ,जहाँ गए पनि सजिलै सफलता हात लाग्छ,Hard Work and Perseverance
1051,जहाँ गाह्रो त्यहीँ साह्रो,अप्ठ्यारो पर्नु ।,"जहाँ सजिलो हुन्छ, त्यहाँ साह्रो हुँदैन","जहाँ गाह्रो हुन्छ, त्यहाँ कुनै चुनौती हुँदैन","जहाँ गाह्रो हुन्छ, त्यहाँ सजिलै समाधान पाइन्छ",Hard Work and Perseverance
1084,जुनसुकै काम गर्दा पनि भोलि नभन्नु,अर्कै स्थिति हुन्छ ।,काम कहिल्यै नगर्नु,भोलि कहिल्यै नआउने दिन हो,सधैं अहिले नै काम सक्नुपर्छ,Hard Work and Perseverance
1140,जो सबेरै उठ्छ उसैले पहिलो घाम देख्छ,फुर्तिलो तेस्तै हुन्छ ।,सबैभन्दा पहिला उठ्नेले मात्र घाम देख्न सक्छ,घाम देख्नको लागि सबैलाई सबेरै उठ्नैपर्छ,घामले पनि मानिसको उठ्ने समय पर्खिरहेको हुन्छ,Hard Work and Perseverance
1147,जो हाता सो साथा,मौका नगुमाउनु ।,"जो हाता सो साथा भनेको हातमा जे छ, त्यो साथमा हुन्छ",जो हाता सो साथा भनेको हातमा केही नहुनु,जो हाता सो साथा भनेको हात गुमाएपछि साथ गुमिन्छ,Hard Work and Perseverance
1168,भिंगाले पाखुरा खँचनु,भर्नु,भिंगाले पाखुरा मालिस गर्छ,भिंगाले पाखुरा चाट्छ,भिंगाले पाखुरा समात्छ,Hard Work and Perseverance
1178,झाले माले बूढो सक्दैन बहर लाग्दैन,जान्नेले काम गर्न नसक्नु सक्नेले गर्न नजान्नु ।,"झाले माले बूढो सक्दैन, किनभने बूढो हुनु असम्भव छ","बहर लाग्दैन, किनभने बहर भनेको कुनै रोग हो","बूढोले बहरलाई जित्न सक्छ, किनभने बूढो बलियो हुन्छ",Hard Work and Perseverance
1189,"टिपन-टापन, निफन नाफन",गरिबले सोरसार गरेको ।,टिपन-टापन भनेको टिपोट गर्ने काम मात्र हो,निफन नाफन भनेको झगडा गर्नु हो,टिपन-टापन र निफन नाफन भनेको फजुल कुरा गर्नु हो,Hard Work and Perseverance
1229,इलीफिरी के काम हलो जोती खायो माम,अल्छीका कुरा ।,हात्तीले हलो जोत्न सक्छ,हलो जोत्नेलाई हात्तीले खाना दिन्छ,मामले हात्तीलाई हलो जोत्न सिकायो,Hard Work and Perseverance
1236,ढुकेको भात अल्छीलाई मिठो,बिकामेलाई जस्तो भए पनि काम चल्छ।,ढुकेको भात सधैं मिठो हुन्छ,अल्छीहरू मात्र ढुकेको भात खान मन पराउँछन्,ढुकेको भात पकाउनु सबैभन्दा सजिलो काम हो,Hard Work and Perseverance
1244,तँ आँट म पुयाउँछु,आँट गर्नुपर्छ अनि मात्र काम बन्छ ।,"तँ आँट गर, म तेरो काम बिगार्छु","तँ आँट गर, म तेरो बाटो छेक्छु","तँ आँट गर, म तेरो आलोचना गर्छु",Hard Work and Perseverance
1255,"ताप्के ताते पो काम हुन्छ, बिँड तातेर के काम",मुख्य मान्छेले काम नगरे केही हुँदैन ।,ताते ताप्केले मात्र काम बिगार्छ,बिँड तातेर काम राम्रो हुन्छ,तातो बिँडले काम गर्न मद्दत गर्छ,Hard Work and Perseverance
1262,तीन तालमा राँगो पनि छिन्छ,जोड गरेपछि काम हुन्छ ।,राँगोले तीन तालमा नाच्न सक्छ,तीन तालको संगीतमा राँगो रमाउँछ,राँगोले तीन तालमा गाउन सक्छ,Hard Work and Perseverance
1282,तालुको छाला पैताला पुऱ्याउने,घोचेर भन्नु ।,तालुमा भएको छाला पैतालामा सार्न सकिन्छ,मानिसको शरीरमा छाला परिवर्तन गर्न सकिन्छ,छालाको स्थान बदल्न सजिलो हुन्छ,Hard Work and Perseverance
1284,तिघ्रा चल्दैन मजेरीमा फल्दैन,काम नगरी फल पाइन्न ।,तिघ्रा चलाएपछि मजेरीमा फल पाइन्छ,तिघ्रा चल्दा मजेरीमा फल फल्छ,मजेरीमा फल्न तिघ्रा चलाउनु पर्छ,Hard Work and Perseverance
1305,थुन निर्चीदमा दूध आउँदैन,स्रोत मात्र भएर हुँदैन समय पनि मिल्नुपर्छ ।,थुन निर्चीदमा दूध आउँदैन भने दूध कहिल्यै पाइँदैन,थुन निर्चीदमा दूध आउँदैन भने अरू ठाउँमा पनि आउँदैन,थुन निर्चीदमा दूध आउँदैन भने थुन नै काम नलाग्ने हुन्छ,Hard Work and Perseverance
1308,थोपा-थोपा गरी गाग्री भरिन्छ,थोरै-थोरै भेला हुँदा नै धेरै हुन्छ ।,थोपा-थोपा गरी गाग्री कहिल्यै भरिँदैन,गाग्री भरिनु भनेको पानी खेर जानु हो,गाग्री भरिनु भनेको समयको बर्बादी हो,Hard Work and Perseverance
1311,थोपा-थोपा गरी नदी बन्छ,अलिअलि गरी धेरै हुन्छ ।,थोपा-थोपा गरी नदी सुक्छ,थोपा-थोपा गरी नदी सानो हुन्छ,थोपा-थोपा गरी नदी हराउँछ,Hard Work and Perseverance
1326,थ्याच्च नबस्नु प्याच्य नभन्नु,सोचेर बोल्नु ।,चुप लागेर बस्नुपर्छ,अरूलाई कहिल्यै बोल्न नदिनु,बोल्दा सधैं चिच्याउनु,Hard Work and Perseverance
1341,"दरबारमा घोच्ने, खेतीमा जोत्ने, घरमा पोत्ने चाहिन्छ",सबै आवश्यक हुन्छन् ।,दरबारमा मात्रै काम गर्ने मान्छे चाहिन्छ,खेतीमा काम गर्नु व्यर्थ छ,घरमा पोत्ने काम नगरे पनि हुन्छ,Hard Work and Perseverance
1357,"दिन कटानी, मानो चटनी",जस्तै तसै दिन गुजार्नु ।,दिन कटानी भनेको समय खेर फाल्नु हो,मानो चटनी भनेको खानाको स्वाद बिग्रिनु हो,"दिन कटानी, मानो चटनी भनेको काम नगरी बस्नु हो",Hard Work and Perseverance
1415,दिन कटाउनु मानो पचाउनु,खाएको पचाउने,दिनभरि काम नगरी बस्नु,अरूको अन्न चोर्नु,समय बर्बाद गर्नु,Hard Work and Perseverance
1416,दिन दुगुणा रात चौगुणा,धेरै फरक पर्नु ।,दिनमा दुई पटक मात्र काम गर,रातमा चार पटक सुत,"दिनमा दुई गुणा खाना खा, रातमा चार गुणा",Hard Work and Perseverance
1479,धैर्यको फल मिठो हुन्छ,धैर्य गरे राम्रो परिणाम पाइन्छ ।,धैर्य गर्दा फल नै पाइँदैन,धैर्यको फल तितो हुन्छ,धैर्य गर्दा समय खेर जान्छ,Hard Work and Perseverance
1500,नल गोडे फल लाग्छ कि ?,थोरै भए पनि आशा गर्नु ।,नल गोड्ने बित्तिकै फल लाग्छ,मेहनत नगरे पनि फल पाइन्छ,सजिलो कामले ठूलो सफलता मिल्छ,Hard Work and Perseverance
1524,न मरी जानु न गरी खानु,मुस्किल पर्नु ।,केही नगरी धन कमाउनु,खानाका लागि मर्नु,न काम गर्नु न बाँच्नु,Hard Work and Perseverance
1527,नरोईकन आमाले पनि दूध खुवाउँदिन,केही चाहिन्छ भने माग्नै पर्छ।,आमा केवल बच्चा रोएपछि मात्र माया गर्छिन्,आमाले बच्चालाई दुख दिएर मात्र दूध खुवाउँछिन्,बच्चा नरोए आमाले कहिल्यै दूध खुवाउँदिन,Hard Work and Perseverance
1570,पछि आउने माझमा सुत्ने,झन् उसैलाई राम्रो ठाउँ ।,रातभर सुत्नु हुँदैन,सुत्नेलाई सजाय हुन्छ,सुत्नेले काम बिगार्छ,Hard Work and Perseverance
1573,पढ्यो लेख्यो कोनै काम हलो जोती खायो माम,मूर्खले भन्ने शब्द ।,"पढ्न लेख्न जान्नु बेकार छ, हलो जोतेर मात्रै बाँच्न सकिन्छ","पढाइ लेखाइले पेट भरिँदैन, माम खान हलो जोत्नुपर्छ",पढ्न लेख्न नजान्नेले मात्र हलो जोतेर माम खान सक्छ,Hard Work and Perseverance
1576,परिश्रमको फल मिठो हुन्छ,आनन्द आउने हुन्छ ।,परिश्रमले दुःख मात्र दिन्छ,मेहनत गर्दा सफलता मिल्दैन,परिश्रम गर्नु बेकार छ,Hard Work and Perseverance
1645,फाली मासी सियो,ठूलो बिगारी सानो बनाउने,मासीको सियो फाल्नुपर्छ,सियोले मासीलाई फाल्छ,मासीलाई सियोले सिल्न सक्दैन,Hard Work and Perseverance
1654,"फर्सीको भेट्नु, कति मरिमेट्नु",सानो चिजमा लोभ नगर्नु ।,"फर्सी भेट्न गाह्रो छ, त्यसैले प्रयास गर्नै पर्दैन",फर्सी भेटेपछि पनि धेरै मिहिनेत गर्नु पर्छ,फर्सी भेट्न मरिमेट्नुको कुनै अर्थ छैन,Hard Work and Perseverance
1659,बन्दैन देश दुई-चार सपूत मरेर नगए (कवि भूपि शेरचन),देश बनाउन बलिदान आवश्यक हुन्छ ।,देश बनाउन सपूतहरूको मृत्यु अनिवार्य हुन्छ,सपूतहरू मरेपछि मात्र देश सफल हुन्छ,देश निर्माणका लागि सबै सपूतहरू मर्नैपर्छ,Hard Work and Perseverance
1695,बालुवा निचोरेर तेल निकाल्ने,कडा परिश्रम गर्ने ।,बालुवामा तेल हुन्छ भन्ने सोच्नु,असम्भव काम सजिलै सम्पन्न हुन्छ,बालुवा तेल निकाल्न प्रयोग गरिन्छ,Hard Work and Perseverance
1717,व्यापार कि अपार,व्यापार भनेको बुझिनसक्नु हुन्छ।,व्यापार सधैं घाटामा हुन्छ,व्यापार कहिल्यै सफल हुँदैन,व्यापारले सधैं समस्या ल्याउँछ,Hard Work and Perseverance
1721,बोट लाए फल पनि खान पाइन्छ,पौरख गरे फाइदा मिल्छ।,बोट लाए फल हराउँछ,बोट लाए फल कहिल्यै नपाक्ने हुन्छ,बोट लाए फल खान पाइँदैन,Hard Work and Perseverance
1764,बालुवा निचोरी तेल आउँदैन,आशा मै नभएको काम गर्ने ।,बालुवा निचोर्दा तेल निस्किन्छ,बालुवामा तेल पाइन्छ,बालुवा निचोरेर तेल निकाल्न सकिन्छ,Hard Work and Perseverance
1812,भन्न सजिलो गर्न गाह्रो,बोले जति पुऱ्याउन मुस्किल हुन्छ ।,"बोल्न सजिलो छ, तर सुन्न गाह्रो छ","कुरा गर्न सजिलो छ, तर लेख्न गाह्रो छ","सबै कुरा गर्न सजिलो हुन्छ, तर बुझ्न गाह्रो हुन्छ",Hard Work and Perseverance
1825,भनेर होइन गरेर देखाउनुपर्छ,कुरालाई भन्दा कामलाई महत्त्व दिनु ।,"केवल बोल्न मात्रुपर्छ, गर्न आवश्यक छैन",अरूले गरेर देखाएपछि मात्र गर्नु पर्छ,बोलेर देखाउन बढी प्रभावकारी हुन्छ,Hard Work and Perseverance
1852,भेटी न सेटी तेसै मरिमेटी,पारिश्रमिकको व्यवस्था नभई कार्य गर्न खोज्ने ।,भेटी न सेटी भनेको केही न दिए पनि अरूले तिमीलाई माया गर्छन्,भेटी न सेटी भनेको अरूलाई सधैं सहयोग गर्नुपर्छ,भेटी न सेटी भनेको अरूलाई केही न दिए पनि तिमीले सबथोक पाउँछौ,Hard Work and Perseverance
1865,भोलिको आजै गर आजको अहिल्यै,शुभस्य शीघ्रम् ।,"भोलि कहिल्यै आउँदैन, त्यसैले काम नगरे पनि हुन्छ",आजको कामलाई अहिल्यै सक्नुपर्छ भन्ने छैन,हरेक काम हतारमा गर्नुपर्छ,Hard Work and Perseverance
1868,भ्यागुताको धार्नी कहिल्यै पुग्दैन,धेरै थरी विचारले काम बन्दैन ।,भ्यागुताले कहिल्यै धार्नी तौल गर्न सक्दैन,भ्यागुताको धार्नी कहिल्यै हराउँदैन,भ्यागुताले धार्नी बोकेर यात्रा गर्छ,Hard Work and Perseverance
1910,मानो खाएर मुरी उब्जाउने बेला,असारमा थोरै खाएर धेरै बचाउनु ।,थोरै काम गरेर धेरै फल प्राप्त गर्ने समय,धेरै खर्च गरेर थोरै कमाउने समय,अरूको मेहनत बिना कुनै प्रयास आफूले लिने समय,Hard Work and Perseverance
1942,मुख चल्नेको हात चल्दैन,कुरा मात्र गर्नेले काम गर्दैन ।,मुख चलाउने मानिसले कहिल्यै खाना खान्न,"जसले धेरै बोल्छ, उसले लेख्न सक्दैन",मुख चलाउनेले हातले काम गर्न सक्दैन,Hard Work and Perseverance
1992,रूप हुने रुन्छ सिप हुने खान्छ,रूपले केही दिँदैन सिपले धन कमाउँछ,"रूप हुनेले मात्र रुन्छ, अरूले रुन्न","सिप हुनेले मात्र खान्छ, अरूले भोकै बस्छ",रूप भएकोले सिपको आवश्यकता हुँदैन,Hard Work and Perseverance
1993,रहरेको खहरे पुग्छ,नचाहिँदो रहरले धोका हुन्छ,खहरे भनेको सधैं रहन्छ,रहरले मात्र सबै कुरा पूरा हुन्छ,खहरे भनेको ठूलो नदी हो,Hard Work and Perseverance
2064,लोग्ने छोराले आँटे भित्ताले छेक्दैन,आँट नै मुख्य कुरा हो ।,लोग्ने छोराले आँटे भने भित्ताले नै छेक्छ,मानिसले आँटे पनि कुनै काम गर्न सक्दैन,लोग्ने छोराले आँटे भने सबै कुरा असम्भव हुन्छ,Hard Work and Perseverance
2082,विनागोरुको दाइँ हुँदैन,"जुन कामका लागि जे चाहिने हो, त्यो चाहिन्छ नै ।",गोरु बिना पनि दाइँ गर्न सकिन्छ,गोरु हुनु नै दाइँ हुनु हो,दाइँ गर्न गोरुको आवश्यकता हुँदैन,Hard Work and Perseverance
2193,हातले दियो खुट्टालाई दुःख,रिन उठाउन गाह्रो हुनु ।,हातले दिएको वस्तु खुट्टाले फाल्नु,हातले गरेको राम्रो काम खुट्टाले बिगार्नु,हातले सहयोग गर्दा खुट्टाले चोट पाउनु,Hard Work and Perseverance
2194,"हिँडे छेउ लाग्छ, बसे लेउ लाग्छ",डुलिरहनेको केही जोहो हुन्न ।,हिँड्नाले थकान मात्र हुन्छ,बस्नाले मात्र प्रगति हुन्छ,जहिले पनि अरूको भर पर्नु पर्छ,Hard Work and Perseverance
2209,अगुल्टो (आगो) पनि नठोसी बल्दैन,"हौस्याउनका लागि भन्न र घचघच्याउन छाड्नु हुँदैन, प्रयास गर्नैपर्छ।",आगो आफैं बल्छ,कसैको कारणले मात्र आगो बल्छ,आगो बिना नै धुवाँ आउँछ,Hard Work and Perseverance
2211,"अघि आउने भरियाको रोजी बिसौनी, पछि आउने भरियाको छोडी बिसौनी",जे कुरा पनि पहिला मौका पाउनेले नै भेट्टाउँछ।,भरियाहरूले बिसौनीमा कहिल्यै आराम गर्दैनन्,पछाडि आउने भरियाले बिसौनी नै पाउँदैन,सबै भरियाहरूले बिसौनी छोड्नै पर्छ,Hard Work and Perseverance
2230,अल्छी तिघ्रो स्वादे जिभ्रो,कामकाज नगरी खान मात्र मीठो खोज्ने।,अल्छी मान्छेले मीठो खान मन पराउँदैन,काम नगर्ने मान्छेले धेरै बोल्नुपर्छ,स्वादे जिभ्रो भएका मान्छे सधैं अल्छी हुन्छन्,Hard Work and Perseverance
2233,आँटको अगाडि ढाँटको केही लाग्दैन,झूटो नटिक्ने हुनाले हिम्मत नै ठूलो कुरो हुन्छ ।,आँट गर्नेले सधैं झूट बोल्नुपर्छ,आँट गर्नेलाई सधैं धोका दिनुपर्छ,आँट गर्नेले कहिल्यै इमान्दार हुन सक्दैन,Hard Work and Perseverance
2250,"आफैँ त महादेव उत्तानो टङ, कसले देला वर",आफूसँग नहुने र आफैँ खान नपाउनेले अरूलाई के दिन सक्छ र !,महादेवले समेत वर दिन सक्दैनन् भने अरूले झन् कसरी दिने,महादेवले वर दिनको सट्टा उल्टो आशीर्वाद लिन्छन्,"महादेव आफैँले वर माग्नुपर्छ, अरूले दिने कुरा भएन",Hard Work and Perseverance
2269,"इल्मीका भागमा माछा र मासु, अल्छीका आँखामा आँसु",इलम गर्न जाँगर चलाउने मान्छेलाई सुख हुन्छ र अल्छी मानिसलाई दुःख हुन्छ।,इल्मी मानिसले सधैं माछा मासु मात्रै खान्छ,अल्छी मानिसले सधैं रुनु पर्छ,ज्ञान भएका मानिसहरू सधैं माछा मासु खोज्छन्,Hard Work and Perseverance
2293,औँला टेके पो पैताला टेक्न पाइन्छ,थोरै पनि आधार भएमा अड्न सकिन्छ।,औँला टेके बिना पैताला टेक्न सकिन्न,पैताला टेक्नुअघि औँला टेक्न जरुरी छैन,औँला टेकेपछि पैताला टेक्न सकिँदैन,Hard Work and Perseverance
2314,"काम गर्नाको दुःखले जोगी भयो, जोगी भएको भोलिपल्ट भोकै रह्यो",काम गर्न दुःख सम्झनेले खान पाउँदैन ।,जोगी भएकोले काम गर्न नपर्ने भयो,जोगी हुँदा दुःख गर्नुपर्दैन,जोगी भएपछि खानाको समस्या समाधान हुन्छ,Hard Work and Perseverance
2320,"काम पाइनस् बुहारी, पाडाको कन्डो कन्या",खाली हात बसेको देख्न नसकेर नचाहिँदो काम पनि गर भन्नु ।,बुहारीले कन्डो कन्याएकोले काम पाइनन्,पाडाको कन्डो कन्याएर बुहारीले काम खोजिन्,काम पाउन बुहारीले पाडाको कन्डो कन्याउनु पर्छ,Hard Work and Perseverance
2321,"काम प्यारो हुन्छ, चाम प्यारो हुँदैन",छालाभन्दा काम नै प्रिय हुन्छ।,"काम गर्न मन लाग्दैन, चाम खान मन लाग्छ","चामले मात्रै जीवन चल्छ, काम आवश्यक छैन","काम गरेर के गर्नु, चाम खानु नै सबैथोक हो",Hard Work and Perseverance
2322,"काममा हीरा फोर्नू, बेकाममा नुनढिकी पनि नफोर्नू",काम परेको बेलामा मनग्य खर्च गर्नु तर बिनाकाममा पटक्कै खर्च नगर्नु ।,काममा हीरा फोर्नू भनेको सधैं महँगो काम मात्र गर्नु हो,बेकाममा नुनढिकी पनि नफोर्नू भनेको सानो काम नगर्नु हो,यो उखानले काम गर्न नचाहने व्यक्तिलाई समर्थन गर्छ,Hard Work and Perseverance
2327,कि आँटले खान्छ कि ढाँटले,हिम्मत हुने र ढाँट्नेहरूले नै खाने मौका पाउँछन्।,आँट गर्नेले कहिल्यै हार्दैन,ढाँट्नु राम्रो कुरा हो,सफल हुनलाई सधैं ढाँट्नुपर्छ,Hard Work and Perseverance
2342,खटाएको मानु कति खानु !,अरूले अड्कलेर दिएका वस्तुको भर हुँदैन ।,काममा खटाएपछि धेरै खान पाइन्छ,खटाएको मान्छेले खानु हुँदैन,खटाएर खान दिनु हुँदैन,Hard Work and Perseverance
2344,खन्दाखन्दा माटाको मड्किलो पनि भत्कन्छ,एकनासले लागिरहे गाह्रो काम पनि सजिलैसित पार लाग्छ वा खर्च गर्दागर्दै जति भए पनि सकिन्छ।,माटोको मड्किलो कहिल्यै भत्किँदैन,खन्दा खन्दा मड्किलो अझ बलियो बन्छ,मड्किलो भत्काउन कुनै प्रयास नै आवश्यक छैन,Hard Work and Perseverance
2353,खाने मुखलाई जुँगाले छेक्दैन,पौरखी मान्छेलाई समस्याले अल्झाउन सक्दैन।,जुँगा पाल्नाले खान मिल्दैन,मुखमा जुँगा भए खानु हुँदैन,जुँगा पाल्नाले मुख बन्द हुन्छ,Hard Work and Perseverance
2354,"खानेलाई चारो, कमाउनेलाई गारो","खानेलाई खाने कुरा खोजे पुग्छ, कमाइ गर्नेलाई हैरान हुन्छ ।","खानेलाई सजिलो हुन्छ, कमाउनेलाई गाह्रो हुँदैन","खानेले चारो खान्छ, कमाउनेले गारो बनाउँछ","खानेलाई चारो दिनुपर्छ, कमाउनेलाई गारो दिनुपर्छ",Hard Work and Perseverance
2365,"गर्ने बेला हातखुट्टा गल्ला, खाने बेला बडाबडा डल्ला",काममा अल्छ्याइँ गर्ने खान भने धेरै खोज्ने ।,काम गर्दा कमजोर देखिने तर खाने बेला धेरै खाने,कामभन्दा खानेकुरा धेरै मनपराउने,अरूको भरमा बसेर खान खोज्ने,Hard Work and Perseverance
2396,"छाता ओढ्नू घाममा, हीरा फोर्नू काममा",कुनै पनि वस्तुको उपभोग समय र आवश्यकताअनुसार हुनुपर्छ ।,घाममा छाता ओढेर आराम गर्नुपर्छ,हीरा फोर्नु भनेको काम बिगार्नु हो,काम गर्नुभन्दा आराम गर्नुपर्छ,Hard Work and Perseverance
2405,जसलाई तिर्खा लाग्छ उही खोलो धाउँछ,"कामको आवश्यकता पर्नेले आफैँ अरूकहाँ जानुपर्छ, अरू आफूकहाँ आउँदैनन्।","जसलाई तिर्खा लाग्छ, उसले कहिल्यै पानी पाउँदैन","जसलाई तिर्खा लाग्छ, उसले खोलो खोज्दैन","जसलाई तिर्खा लाग्छ, उसले खोला सुकेको हुन्छ",Hard Work and Perseverance
2408,जसले मह काढ्छ उसले हात चाट्छ वा मह काढ्नेले हात चाट्छ,काम गर्ने मान्छेले फलको भोग गर्छ ।,मह काढ्नेले हात धोएर चाट्छ,मह काढ्नेले अरूको हात चाट्छ,मह काढ्नेलाई हात चाट्न दिइँदैन,Hard Work and Perseverance
2412,"जाँगर न सॉंगर, खाने बेलामा आँ गर्",कामसाम नगरी खान मात्र खोज्ने अल्छी ।,"काम गर्न मन लाग्दैन, तर खाना देखेपछि भाग्छ",खाना खाँदा पनि जाँगर चल्दैन,सधैं अरूले खुवाउनुपर्ने हुन्छ,Hard Work and Perseverance
2429,जो ठक्कर खान्छ उही दौडन जान्दछ,भोग्ने मानिसले नै अनुभव पाउँछन्।,"जो ठक्कर खान्छ, ऊ दौडन सक्दैन",ठक्कर खाने मान्छे सधैं असफल हुन्छ,दौडन जान्नेलाई कहिल्यै ठक्कर लाग्दैन,Hard Work and Perseverance
2464,थोपाथोपा पानीले घडा भरिन्छ,"अलि-अलि गरेर नै कुनै पनि कुरा धेरै हुन्छ, शीत उभाई घैला भरिन्छ।",थोरै मेहनतले कहिल्यै सफलता प्राप्त हुँदैन,साना प्रयासहरू बेकार हुन्छन्,घडा भरिन धेरै ठूलो प्रयास चाहिन्छ,Hard Work and Perseverance
2490,नदीले आफ्नो बाटो आफैँ बनाउँछ,सक्षम मानिसहरू अरूको भर नपरी आफैँ उपाय झिकेर काममा लागिपर्छन्।,नदीले सधैं सिधा बाटो बनाउँछ,नदीले बाटो बनाउन अरूको सहयोग चाहिन्छ,नदीले कहिल्यै बाटो फेर्दैन,Hard Work and Perseverance
2513,फाली मासी करुवा वा सियो,ठूलो कुरा गुमाएर सानो कुरा पाउनु वा बनाउनु ।,धनी मानिसले सधैं सानो कुरामा ध्यान दिन्छ,सियोले ठूलो काम गर्न सक्दैन,मासीको कुनै उपयोग छैन,Hard Work and Perseverance
2556,"भन्न सजिलो, गर्न गाह्रो",बोल्नजस्तो सजिलो काम गर्न हुँदैन ।,"गफ दिन सजिलो हुन्छ, काम गर्न गाह्रो","बोल्न मात्र गाह्रो हुन्छ, गर्न सजिलो","जसले बोल्छ, उसले गर्न सक्दैन",Hard Work and Perseverance
2571,मह काढ्नेले हात चाट्छ,काम गर्नेले फाइदा लिन खोज्छ।,मह काढ्नेले हात चाट्न पाइँदैन,मह काढ्नेले हात चाट्दा रोग लाग्छ,मह काढ्नेले हात चाट्न नजान्ने हुन्छ,Hard Work and Perseverance
2579,मानु खाएर मुरी उब्जाउने बेला,कमाइ गर्ने समय अर्थात् असार मासको धमाधम ।,मानु खाएर शरीर मोटो हुन्छ,मानु खाएर धेरै पैसा कमाइन्छ,मानु खाएर खेती गर्न सकिन्छ,Hard Work and Perseverance
2596,"यो घरको नौरङ्गी चाला, जसले गर्ला उसले खाला",परिपन्च नमिलेका घरको उदाहरण दिँदा भनिने कथन ।,घरमा धेरै नियम छन् तर पालना गर्नुपर्दैन,"जसले काम गर्छ, उसले खान पाउँदैन",यो घरमा सबैले अरूको काम खान्छन्,Hard Work and Perseverance
2605,रोइरहनुभन्दा गाइरहनु निको,चुप लागेर बस्नुभन्दा मनमा पीर नपार्ने कुनै न कुनै राम्रो काम गरिरहनु बेस ।,रोएको बेला गाईको आवाज निकाल्नु राम्रो हुन्छ,गाईसँग कुरा गर्दा दुःख कम हुन्छ,रोइरहनुभन्दा गाईको हेरचाह गर्नु राम्रो हुन्छ,Hard Work and Perseverance
2607,"लक्कुबिनाको धक्कु, मसलाबिनाको पक्कु",नचाहिँ वा नभईकनको फुइँ,धक्कु भनेको लक्कु बिना पनि चल्छ,मसला बिना पक्कु झन् राम्रो हुन्छ,लक्कु र मसला दुवै अनावश्यक छन्,Hard Work and Perseverance
2650,सोझो औँलाले घिउ आउँदैन,सोझो चालले हुँदैन वा सोझो भएर मात्र पनि व्यवहार चल्दैन।,सोझो औँलाले घिउ खान मिल्दैन,घिउ पाउन औँला टेढो बनाउनुपर्छ,औँला सोझो राख्नाले घिउ हराउँछ,Hard Work and Perseverance
2677,अगुल्टो पनि नठोसी बल्दैन ।,सम्बन्धमा असहमति हुनु सामान्य कुरा हो ।,आगो बिना अगुल्टो आफैं बल्छ,अगुल्टोले पानी बलाउँछ,अगुल्टोले आगो निभाउँछ,Hard Work and Perseverance
2695,खाने मुखलाई जुँगाले छेक्दैन ।,"यदि कसैले केहि गर्न चाहन्छ भने, उसले त्यो गर्ने अनेकौँ उपाय खोज्न सक्छ ।",खाने मुख भएकाले जुँगा पाल्न हुन्न,जुँगा पाल्नाले खान सकिँदैन,जुँगा भएका व्यक्तिहरूले मात्र खान पाउँछन्,Hard Work and Perseverance
2697,प्रतिक्षाको फल मिठो हुन्छ ।,धैर्यताले प्रायः सकारात्मक परिणाम ल्याउछ ।,प्रतिक्षा गर्दा फल कहिल्यै प्राप्त हुँदैन,प्रतिक्षा गर्दा फल तीतो हुन्छ,प्रतिक्षा गर्दा फल खेर जान्छ,Hard Work and Perseverance
2704,"अल्छे तिघ्रो, स्वादे जिब्रो ।",कामचाहिँ गर्दै नगर्ने खानचाहिँ मीठोमीठो चाहिने ।,अल्छे मान्छेको तिघ्रो बलियो हुन्छ,स्वादे मान्छेको जिब्रो लामो हुन्छ,अल्छे मान्छेले धेरै बोल्छ,Hard Work and Perseverance
2730,"जसले मह काढ्छ, उसले हात चाट्छ ।",कुनै काम को जिम्मा लिने व्यक्तिले त्यो काम गरे बापत केहि फाइदा लिन पाउँछन् ।,"जसले मह काढ्छ, उसले हात धोएर खानुपर्छ","जसले मह काढ्छ, उसले हात काट्छ","जसले मह काढ्छ, उसले हात जल्छ",Hard Work and Perseverance
2736,तालिममा पसिना बगाउनेले लडाईंमा रगत बगाउन पर्दैन !,पहिल्यै तयारी गर्नेहरूले कठिनाइ आउँदा कडा परिश्रम गर्नुपर्दैन।,तालिममा पसिना बगाए पनि लडाईंमा हार्न सक्छ,तालिममा पसिना बगाउनेले लडाईंमा भाग्न सक्छ,लडाईंमा रगत बगाउन नपर्ने भए तालिम गर्नै पर्दैन,Hard Work and Perseverance
2755,मेहनतको फल मिठो हुन्छ ।,कुनै काममा मिहिनेत गर्नुभयो भने राम्रो नतिजा मिल्नेछ ।,मेहनत गरे पनि फल तितो हुन्छ,मेहनत गर्नु व्यर्थ हुन्छ,मेहनतको फल कहिल्यै प्राप्त हुँदैन,Hard Work and Perseverance
2776,"खेताला लाए छैन काम, छोराछोरी पठाए आधा काम, आफू गए पुरै काम ।",केहि काम राम्रो सँग गर्नु छ भने अरुको भर नपरी आफै गरेको राम्रो ।,खेताला लाए काम बिग्रन्छ,छोराछोरी पठाए काम नै हुँदैन,आफू गए काम बिगारिन्छ,Hard Work and Perseverance
2811,हलो काटेर मुङ्ग्रो !,महत्त्वपूर्ण चिज बिगारेर काम महत्त्वको कुरा बनाउनु ।,हलोलाई मुङ्ग्रोले काट्न खोज्नु,मुङ्ग्रोले हलो बनाउन खोज्नु,हलो र मुङ्ग्रो साटेर काम गर्नु,Hard Work and Perseverance
2823,"जाहा ईक्छा, त्यहाँ उपाए !","यदि कोही केहि गर्न कटिबद्ध छ भने, उसले बाधाहरूको पर्वाह नगरी त्यसलाई पूरा गर्ने मार्ग फेला पार्छ ।","जहाँ इच्छा, त्यहाँ आलस्य","जहाँ इच्छा, त्यहाँ असफलता","जहाँ इच्छा, त्यहाँ समस्या",Hard Work and Perseverance
2825,नमच्चिने पिङको सय झड्का ।,थोरै ज्ञान भएकाले सबैभन्दा ठूलो अहंकार देखाउँछन् । बढी बोल्ने तर गरेर देखाउन नसक्ने ।,पिङ नमच्चिए पनि झड्का लाग्छ,पिङ नमच्चाउँदा सय चोट पर्छ,पिङ नचलाउँदा पनि खतरा हुन्छ,Hard Work and Perseverance
270,"असारको खडेरी, पुसको भारी",यी नोक्सान गर्ने कुरा हुन् ।,असारमा खडेरी पर्नु राम्रो हुन्छ,पुसमा भारी बोकेर यात्रा गर्नु सजिलो हुन्छ,असार र पुसको मौसम एकै प्रकारको हुन्छ,Nature and Environment
575,उखरमाउलो भुर्ताउलो,विनसित्तीको झन्झट ।,उखरमाउलो भुर्ताउलो भनेको खानासँग सम्बन्धित कुरा हो,यो उखानले सधैं झगडा गर्नुपर्ने सन्दर्भमा प्रयोग हुन्छ,उखरमाउलो भुर्ताउलो भनेको मौसमको प्रकार हो,Nature and Environment
937,जङ्गलमा नै मङ्गल हुन्छ,आनन्द पाइने भएर ।,जङ्गलमा मात्रै राम्रो हुन्छ,शहरमा कहिल्यै मङ्गल हुँदैन,मङ्गल ग्रहमा जङ्गल हुन्छ,Nature and Environment
946,जति देउराली उति पाती,चलनअनुसार गर्नु ।,जति धेरै पहाड उति धेरै रूख,जति धेरै यात्रा गर्‍यो उति धेरै पात टिप्न पाइन्छ,जति धेरै उकालो चढ्यो उति धेरै पात झर्छ,Nature and Environment
976,जन्मेदेखि मृत्युसम्म जङ्गल चाहिन्छ,जङ्गलको महत्त्व,जङ्गलमा मात्र मानिस बाँच्न सक्छ,मानिसको जीवन जङ्गलमा सुरु हुन्छ र त्यहीँ अन्त्य हुन्छ,जङ्गल बिना मानिसको जन्म असम्भव छ,Nature and Environment
1000,जङ्गलमा पसेपछि मंगल हुन्छ,प्राकृतिक सम्पदामा रमाउने ।,जङ्गलमा पसेपछि सबै समस्या समाधान हुन्छ,जङ्गलमा पसेपछि मात्र राम्रो कुरा हुन्छ,जङ्गलमा पसेपछि डराउनु पर्दैन,Nature and Environment
1054,"जहाँ छैन पँधेरा, गाउँ नै अँधेरो",पानी खान नपाई दुःखी हुनु ।,गाउँमा पँधेरा छैन भने त्यहाँ पानी कहिल्यै आउँदैन,पँधेरा नभए गाउँमा उज्यालो हुँदैन,पँधेरा नभए गाउँमा मानिस बस्नै सक्दैन,Nature and Environment
1190,"टिप न टिप फूल, हाँगा नभाँच्नु",नोक्सान नपारी काम गर्नु ।,फूल टिप्दा हाँगा अनिवार्य रूपमा भाँच्नुपर्छ,फूल टिप्नै हुँदैन,हाँगा भाँचेर मात्रै फूल टिप्न पाइन्छ,Nature and Environment
1256,"तामाकोसीमा छ तामा, कालिञ्चोककी आमा",बुढापाकामा विश्वास छ ।,तामाकोसी नदीमा तामा पाइन्छ,कालिञ्चोककी आमा तामाकोसीमा बस्छिन्,तामाकोसी र कालिञ्चोक एउटै ठाउँमा छन्,Nature and Environment
1267,"तुषाराले खाएको बिरुवा, बिफरले खाएको मुख",बेकम्म तुल्याइदिने,तुषाराले बिरुवा खाएपछि बिरुवा ठूलो हुन्छ,बिफरले खाएको मुख राम्रो देखिन्छ,तुषाराले खाएको बिरुवा मीठो हुन्छ,Nature and Environment
1268,तुवाँलोले ढाकेको दिन विस्मत्ले छाएको मन,उराठ वैरागलाग्दो हुन्छ ।,तुवाँलोले दिनलाई सधैं अँध्यारो बनाउँछ,विस्मत्ले मनलाई कहिल्यै खुशी दिन सक्दैन,तुवाँलो र विस्मत् सधैं एकसाथ आउँछन्,Nature and Environment
1559,"नौकोटी तारा अँधेरी रात, एउटा चन्द्रमा उजेली रात",शक्तिशाली भनेको शक्तिशाली नै हो ।,नौ वटा तारा भए पनि उज्यालो हुँदैन,चन्द्रमा नभए अँधेरी रातै रहन्छ,तारा भन्दा चन्द्रमा महत्त्वहीन छ,Nature and Environment
1588,"पुसको फारु पो फारु, साउनको फारु त जहान मारुँ",बेलाबखतमा सञ्चित गरी राख्नुपर्छ ।,पुसको फारु राम्रो हुँदैन,साउनको फारुले जहानलाई दुख दिन्छ,हरेक फारु हानिकारक हुन्छ,Nature and Environment
1630,"पुरानो पात जान्छ, नयाँ पात आउँछ","परिवर्तन हुनु, युगको परिवर्तनशीलता ।",पुरानो पात कहिल्यै झर्दैन,नयाँ पात आउनै सक्दैन,पातहरू सधैं उस्तै रहन्छन्,Nature and Environment
1677,वनको काँडालाई तिर्खानु पर्दैन,प्रतिभाशालीलाई सिकाउनु पर्दैन ।,वनको काँडालाई पानी खुवाउनु पर्छ,काँडाहरूले पानी पिएर हरियो हुन्छन्,वनको काँडालाई तिर्खा लाग्छ,Nature and Environment
1678,"बाँसको हलो हुँदैन, केराको बलो हुँदैन",अयोग्य वस्तुबाट योग्य काम हुँदैन ।,बाँसको हलो बनाएर खेत जोत्न सकिन्छ,केराको बलो बनाएर घर बनाउन सकिन्छ,बाँस र केराको कुनै काम हुँदैन,Nature and Environment
1684,बाघले नचिनेको वन र वनले नचिनेको बाघ हुँदैन,सबै थाहा हुनु ।,बाघले वनलाई कहिल्यै चिन्दैन,वनमा बाघ कहिल्यै आउँदैन,बाघ र वनको कुनै सम्बन्ध हुँदैन,Nature and Environment
1729,वनको चरो वनैको ढुङ्गो,जुन ठाउँमा कमाइ गर्यो त्यहाँ नै घरजम गर्नु।,वनको चरो सधैं आकाशमा उड्छ,वनको चरोले ढुङ्गा खान्छ,चरोले ढुङ्गा बोक्छ,Nature and Environment
1969,यज्ञाद्भवति यर्जन्य : पर्जन्यादन्न संभव,यज्ञबाट वर्षा हुन्छ वर्षाबाट अन्न फल्छ ।,यज्ञले मात्र पानी पर्छ,यज्ञ नगर्दा अन्न नउब्जने,यज्ञले बिना मेहनत अन्न प्राप्त हुन्छ,Nature and Environment
2085,वनको चरी वनैमा रमाउँछ,जसलाई पनि आफ्नै ठाउँ रमाइलो हुन्छ ।,वनको चरी घरमै रमाउँछ,वनको चरी खेतमा रमाउँछ,वनको चरी पानीमा रमाउँछ,Nature and Environment
2509,"पुसको फारु पो फारु, साउनको फारु त जहान मारु","बखतमा जोहो पनि गर्न जान्नुपर्छ, बखत खुस्काएर जोहो गर्न लागे उल्टो हानि हुन जान्छ।",पुसको फारुले जहान मार्छ,साउनको फारु राम्रो हुन्छ,फारु लगाउँदा सधैं नोक्सान हुन्छ,Nature and Environment
2618,वनको चरो वनैमा रमाउँछ,जो जहाँ जुन परिस्थितिमा जन्म्योहुक्य ऊ त्यही ठाउँमा बस्त्र मन पराउँछ।,वनको चरो सधैं अनौठो ठाउँमा रमाउँछ,वनको चरो कहिल्यै वनमा रमाउँदैन,वनको चरो शहरमा रमाउँछ,Nature and Environment
14,अनुहार न दनुवार के खोज्न थाली,क्षमताविना काम आँक्नु,अनुहार न धुनु नुहाउनु भनेको अनुहार सफा छैन,अनुहार राम्रो नभएपछि काम गर्नै पर्दैन,अनुहार राम्रो भएन भने अरू कुरा गर्न आवश्यक छैन,Social Behavior and Relationships
24,अङ्शको झगडा वंश रहेसम्म,अङ्शको कुरा वंशले नै जानेको हुन्छ ।,वंश रहेसम्म झगडा कहिल्यै हुँदैन,झगडा गर्दा वंश नास हुन्छ,वंशको झगडा कहिल्यै समाधान हुँदैन,Social Behavior and Relationships
38,अरू जोगी मरिजा मेरो झोली भरिजा,आफ्नो स्वार्थ हेर्नु,अरूलाई दुःख परोस् तर म चाहिँ सुखी बनूँ,अरूले जे गरे पनि मलाई मतलब छैन,म मात्रै फाइदा उठाऊँ,Social Behavior and Relationships
41,अरूहरू अरूलाई ठग्ने लाटोचाहिँ बाबुआमा ठग्ने,अरूलाई ठग्न नसकेर ।,लाटो मानिसले अरूलाई ठग्न सक्दैन,बाबुआमाले सधैं लाटोलाई ठग्छन्,लाटो मानिसले सबैलाई ठग्छ,Social Behavior and Relationships
130,अर्जुनको धनु भीमसेनको रिस,शक्तिको स्रोत फरक-फरक हुनु,अर्जुनले धनु चलाउन जान्दैन,भीमसेन कहिल्यै रिसाउँदैन,अर्जुन र भीमसेन एकै व्यक्ति हुन्,Social Behavior and Relationships
135,"अङ्गालोमा माला, बङ्गलाको पानी",पछिसम्म नटिक्ने काम कुरा ।,अङ्गालोमा माला भनेको सधैं माला लगाएर हिँड्नु,बङ्गलाको पानी भनेको बङ्गलामा मात्र पाइने विशेष पानी,अङ्गालोमा माला भनेको कसैलाई अङ्गालो हाल्दा माला चुँडिन्छ,Social Behavior and Relationships
151,अगतिली भए पनि आमा राम्री हुन्छिन्,आमाभन्दा प्यारो केही हुँदैन ।,आमाको बाहिरी रूप मात्र महत्त्वपूर्ण हुन्छ,अगतिली आमा राम्रो आमा हुँदैन,राम्री आमाले सधैं राम्रो सन्तान जन्माउँछिन्,Social Behavior and Relationships
183,"अदब काइदा गर्नु, गजब फाइदा भिक्नु",थोरै विचारले नाफा गर्नु ।,अदब काइदा गर्दा सधैं घाटा हुन्छ,अदब काइदा गर्नेले कहिल्यै फाइदा पाउँदैन,अदब काइदा गर्दा अरूले धोका दिन्छन्,Social Behavior and Relationships
197,"अन्न पानीको जिउ, खान खोज्छ घिउ",ताकत लाग्ने कुरा खोज्नु,अन्न पानी खाएर पनि घिउ मात्र चाहन्छ,"जिउले अन्न पानी मात्र खान सक्छ, घिउ चाहिँ खान सक्दैन","जिउलाई अन्न पानीले मात्र पुग्दैन, घिउले मात्र बाँच्छ",Social Behavior and Relationships
200,अफिम कि खान्छ अमिरले कि खान्छ गरिबले,ठूलो सानोको कुरा ।,अफिम खानु स्वास्थ्यको लागि राम्रो हुन्छ,अफिम खानाले मानिस धनी हुन्छ,अफिम खानु सबैका लागि अनिवार्य छ,Social Behavior and Relationships
203,अनुहार न दनुवार पोइ खोज्न थाली,रूपै नभएर पनि लोग्ने खोज्ने भनेर खिसी गर्नु ।,अनुहार नभए पनि पोइ भेटिन्छ,"अनुहारको कुनै महत्व छैन, पोइ त जसरी पनि पाइन्छ",अनुहार राम्रो नभए पनि पोइ सजिलै पाइन्छ,Social Behavior and Relationships
211,अङ्ग न वंश भाइमारी मंस,भाइ मारेर खानु जस्तै ।,वंश नभएकोले मंसको खेती राम्रो हुन्न,अङ्ग नभए पनि वंशको मंस खान मिल्छ,मंस नखाए वंश समाप्त हुन्छ,Social Behavior and Relationships
224,अरूलाई कामको धन्दा घर ज्वाइँलाई खानैको धन्दा,स्वार्थी मान्छे ।,घर ज्वाइँले अरूको काम गर्नुपर्छ,अरूले काम गर्दा घर ज्वाइँले सहयोग गर्नुपर्छ,घर ज्वाइँले काम नगरी बस्न पाउँदैन,Social Behavior and Relationships
240,अर्कालाई दिऊँ त मै मरि जाऊँ,कन्जुस्याइँ गर्नु ।,अर्कालाई केही दिनु भनेको आफैँलाई नोक्सान गर्नु हो,अरूलाई सहयोग गर्दा आफैँलाई हानी हुन्छ,अरूलाई केही दिनु भनेको आफ्नो जीवन समाप्त गर्नु हो,Social Behavior and Relationships
322,"आजको आजै भोलिको भोलि, यो हातबाट लेउ त्यो हातबाट देउ",उचित व्यवहार गर्नु ।,"समयको कुनै महत्व छैन, कहिले गरे पनि हुन्छ","अरूको कुरा सुन्नु पर्दैन, आफ्नो मनले जे चाहन्छ त्यही गर","काम कहिल्यै पूरा गर्नु पर्दैन, जसरी पनि टार्न सकिन्छ",Social Behavior and Relationships
331,आफ्नो घरका सबै बादशाह,आफ्नो ठाउँमा सबै ठूला हुन्छन्,आफ्नो घरमा सबै मानिसहरू राजा हुन्छन्,घरमा सबैले एक अर्कालाई आदेश दिन्छन्,हरेक व्यक्तिले घरमा कानून बनाउँछ,Social Behavior and Relationships
332,आफ्नो टोलमा त भुस्या कुकुर पनि बाघ,आफ्नो ठाउँमा कसैले हेप्न नसक्नु ।,टोलका सबै कुकुर बाघ हुन्छन्,भुस्या कुकुरले बाघलाई जित्छ,आफ्नो टोलमा कुकुरले बाघलाई डराउँछ,Social Behavior and Relationships
349,आफ्नो नाक काटी अरूको पिँध टाल्नु,आफूलाई नभई नभई अरूको काम सार्ने ।,आफ्नो नाक काटेर अरूलाई खुशी पार्नु,अरूको नाक काट्न जाँदा आफ्नो पिँध टाल्नु,अरूको गल्तीका कारण आफ्नो नाक काट्नु,Social Behavior and Relationships
422,आङ्को जुम्राले भन्दा सरेको जुम्राले बढी टोक्छ,रैथानेको भन्दा अरूको फुर्ती बढी हुनु ।,आफ्नो समस्या भन्दा अरुको समस्या ठुलो हुन्छ,सानो कुरा ठूलो असर गर्छ,सधैंको समस्या भन्दा नयाँ समस्या सजिलो हुन्छ,Social Behavior and Relationships
466,"आमाआमा तिमीलाई बोक्सी भन्छन्, हुन्दे बाबै जस्तो देखे उस्तै भन्छन्",सत्य कुरा भने भनेको ।,आमाबाबु बोक्सी हुन्,बाबु जादूगर हुन्,सबैलाई बोक्सी भनिन्छ,Social Behavior and Relationships
468,"आमा लहरे, बाबु पहरे, दाजु कोपिले भाइ भुन्टे",सन्तानको वर्णन गरेको ।,"आमा लहरामा झुन्डिन्छिन्, बाबु पहाडमा बस्छन्, दाजु कोदालोले काम गर्छन् र भाइ कपाल काट्छ","आमा र बाबु एकअर्कासँग लड्छन्, दाजुले भाइलाई काट्छ","आमा सधैं हाँस्छिन्, बाबु सधैं रिसाउँछन्, दाजु भाइलाई सधैं सानो ठान्छ",Social Behavior and Relationships
489,इज्जत गएपछि फर्काउन सकिन्न,बिगार्न सजिलो सपार्न गाहो ।,इज्जत गएको मान्छेले कहिल्यै बोल्न सक्दैन,इज्जत गुमेपछि मान्छेले काम गर्न सक्दैन,इज्जत गुमेपछि मान्छेले बाँच्न सक्दैन,Social Behavior and Relationships
495,इमान जमान नभएको मान्छे काम छैन,बेइमानीले यो सबै छाड्छ,इमान र जमान बिना मान्छेले धेरै राम्रो काम गर्छ,इमान र जमान नभए पनि काम गर्न सकिन्छ,इमान र जमान नभएको मान्छेको काम सधैं सफल हुन्छ,Social Behavior and Relationships
496,"इमानदारलाई हतकडी, बेइमानलाई रसभरी",उल्टो काम हुनु,"इमानदार मानिसहरूलाई मिठो फल मिल्छ, बेइमानहरूलाई सजाय","इमानदारलाई सम्मान, बेइमानलाई पुरस्कार","इमानदारलाई सजाय, बेइमानलाई माफी",Social Behavior and Relationships
516,उँघेको निद्रा ढुकेको भात चोरेको स्वास्नी पुर्दैन आँत,धित नमर्नु,उँघेको मान्छेले निद्रा पूरा गर्न सक्दैन,ढुकेको भात खाँदा पेट दुख्छ,चोरेको स्वास्नीले घर सम्हाल्न सक्दैन,Social Behavior and Relationships
538,"उखुको टुप्पा मुलाको फेद, भतुवा पाल्यो घरको छेद",भतुवाले घर बिगार्छ होस् गर्नुपर्छ ।,उखुको टुप्पा र मुलाको फेद सँगै राख्दा राम्रो हुन्छ,भतुवा पाल्नाले घर बलियो हुन्छ,उखुको टुप्पा र मुलाको फेदले घरको छिद्र बन्द गर्न सकिन्छ,Social Behavior and Relationships
599,"ऊ ल्याऊ भन्दा, गु ल्याउने",भर नभएको मान्छे ।,काम बिगार्ने,कुरा नबुझ्ने,ध्यान नदिने,Social Behavior and Relationships
607,"एक हातले दिउँ प्यारे, एक हातले लिउँ प्यारे",दोहोरो कारोबार ।,दुई हातले काम गर्नु पर्दैन,एक हातले मात्र दिनु पर्छ,सधैं अरूसँग आदानप्रदान गर्नु राम्रो हो,Social Behavior and Relationships
610,एकदिने रानी डोली चढी हग्न गइन्,नपुग्ने काम नगर्नु भनेको ।,रानीले डोली चढेर यात्रा गरिन्,एक दिनको रानीले बग्गी चढेर हग्न गइन्,रानीले डोलीमा चढेर शौचालय खोजिन्,Social Behavior and Relationships
621,"एक दामको ल्वाङ छैन, दस दामको खती",आयस्ता थोरै खर्च धेरै गरी स्वाङ गर्ने ।,ल्वाङको मूल्य एक दामभन्दा कम हुन्छ,ल्वाङ किन्न धेरै पैसा चाहिन्छ,ल्वाङको मूल्य दस दाम हुन्छ,Social Behavior and Relationships
627,एक फेराको झुटो सधैँको झुटो,एकपटकको गल्तीले सधैँ गल्ती देखिन्छ ।,सधैँ झुटो बोल्नुपर्छ,एकपटक झुटो बोलेपछि सच्याउन सकिन्न,झुटो बोल्दा कहिल्यै फाइदा हुँदैन,Social Behavior and Relationships
632,"एक हाड, धेरै कुकुर",उपभोक्ताको तुलनामा उपभोग्य वस्तु नगन्य हुनु ।,कुकुरहरू हाड खान्न सक्दैनन्,हाड धेरै कुकुरले बाँडेर खान सक्छन्,कुकुरहरू हाडको सट्टा मासु खोजिरहेका हुन्छन्,Social Behavior and Relationships
681,एक निहुँ पायो लहरी गयो,धेरै फतफताउने मान्छे ।,कोही सानो झगडा हुँदा टाढा जान्छ,सानो कुरा हुँदा ठूलो निर्णय लिन्छ,बहाना बनाएर यात्रा गर्न जान्छ,Social Behavior and Relationships
686,"एक मानेको छोरी, दुईमानेका परी, धानचामल देखेर आत्तिएरै मरी",थोरै हुनेले एकैचोटि धेरै पाउनु ।,छोरीलाई परी सम्झेर डराउनु,धानचामल देख्दा परीहरू मर्छन्,दुई छोरी हुँदा परीहरू आत्तिन्छन्,Social Behavior and Relationships
701,म मोतीको शोभा सिन्दूर पोते,कर्म गरेकाले चिनो लगाउने,मोतीलाई सिन्दूर र पोतेले सजाउनुपर्छ,मोतीको शोभा सिन्दूर र पोतेमा मात्र हुन्छ,मोती सिन्दूर र पोतेभन्दा कम मूल्यवान हुन्छ,Social Behavior and Relationships
703,ऐरे जैरे नत्थु खैरे,नसक्नेले ठूलो आँट गर्नु ।,धनी मानिसहरू मात्र महत्वपूर्ण हुन्छन्,सबै मानिसहरू एकै प्रकारका हुन्छन्,काम नगर्ने मानिसहरू सफल हुन्छन्,Social Behavior and Relationships
718,ओत लाग्नु छ भने ठूलो रुखको लाग्नु,ठूलो मान्छेको सङ्गत गर्नु ।,सुरक्षित हुन सानो ठाउँ रोज्नु,सधैं कमजोरको साथ दिनु,ठूलो कुरा नगरीकन पनि ठूला फाइदा लिन सकिन्छ,Social Behavior and Relationships
726,ओठ लेप्राउनु,नपत्याउनु,ओठ चाट्नु,ओठ दुखाउनु,ओठ काट्नु,Social Behavior and Relationships
736,कसैलाई काखा कसैलाई पाखा,मतलबी व्यवहार ।,सबैलाई समान व्यवहार गर्नुपर्छ,सबैलाई टाढा राख्नुपर्छ,सबैलाई काखमा राख्नुपर्छ,Social Behavior and Relationships
739,कसैलाई के धन्दा घरज्वाइँलाई खानाको धन्दा,आफ्नै सुरमा मात्र लाग्ने ।,घरज्वाइँले मात्र खानाको चिन्ता गर्छ,अरू सबैलाई खानाको मतलब हुँदैन,घरज्वाइँले कहिल्यै काम गर्दैन,Social Behavior and Relationships
790,कहिले सासूको पालो कहिले बुहारीको पालो,कुनै दिन सबैको पालो आउँछ,सधैं सासूले मात्र काम गर्नुपर्छ,बुहारीले कहिल्यै काम गर्नुपर्दैन,सासू र बुहारीबीच कहिल्यै सहमति हुँदैन,Social Behavior and Relationships
802,काजीको कजिनीलाई दस हाते गुन्यु,दर्जाअनुसारको काम,काजीको कजिनी धनी भएकाले उसलाई महँगो गुन्यु चाहिन्छ,काजीको कजिनीलाई अरूले दस हाते गुन्यु दिनुपर्छ,काजीको कजिनीलाई दस हाते गुन्यु नदिएसम्म ऊ खुसी हुँदैन,Social Behavior and Relationships
807,काम नपाएकी बुहारी पोख्छे उठाउँछे,काम देखाउने पारा,बुहारीले सधैं पोख्छे उठाउँछे भन्ने कुरा ठिक हो,बुहारीले काम नपाउँदा मात्र पोख्छे उठाउँछे,"बुहारीले अरू काम गर्न जान्दिन, त्यसैले पोख्छे उठाउँछे",Social Behavior and Relationships
817,"केटी कस्ती छ ? हेर्नै नपर्ने, केटो कस्तो छ ? बोल्नै नपर्ने",आफ्नो वस्तुको प्रशंसा गर्नु,केटीको रूपको कुनै महत्त्व छैन,"केटोले बोल्नै पर्दैन, ऊ जे गरे पनि हुन्छ",केटी र केटोको मूल्यांकन फरक तरिकाले गरिन्छ,Social Behavior and Relationships
871,"चोरको डाको ठूलो, खानलाग्यो फाँको ठूलो",जोगिने उपाय ।,चोरले चिच्याएर अरूलाई दोष लगाउँछ,"जसले धेरै खान्छ, उसलाई सजाय कम हुन्छ",चोरी गर्दा ठूलो आवाज गर्नु राम्रो हुन्छ,Social Behavior and Relationships
874,चोरको सङ्गत गरे चोरै हुन्छ,सङ्गत नराम्रो ।,चोरसँग बस्दा इमानदार बन्न सकिन्छ,चोरको सङ्गतले राम्रो मित्रता बढ्छ,चोरसँग बस्दा भाग्य चम्किन्छ,Social Behavior and Relationships
881,चोरलाई चौतारो साधुलाई सुली,अपराधी उम्कनु निरपराधी पर्नु ।,चोरलाई इनाम र साधुलाई सजाय,चोरलाई सम्मान र साधुलाई तिरस्कार,अपराधीलाई पुरस्कार र निर्दोषलाई दण्ड,Social Behavior and Relationships
895,छन्द न सन्द सबै मेरो भन्छ,सिप लगाउन नसक्ने त्यसै आफ्नो भन्ने ।,सल्लाह बिना नै सबै कुरा जान्ने दाबी गर्नु,अरूको कुरा नसुन्ने र आफ्नो मात्र सही ठान्ने,बिना ज्ञान आफूलाई सबैभन्दा जान्ने ठान्ने,Social Behavior and Relationships
907,छुनु छैन बाहुनी र रानीलाई,पाप लाग्ने कुरा ।,बाहुनी र रानीलाई नछुनु भन्ने नियम छ,बाहुनी र रानीलाई छुनु पाप हो,बाहुनी र रानीलाई छुँदा अनिष्ट हुन्छ,Social Behavior and Relationships
917,छोरा पाए खसी खाउली छोरी पाए फर्सी,छोरालाई महत्त्व दिनु ।,छोरी पाएपछि मात्र फर्सी खान पाइन्छ,छोरा पाएपछि खसी अनिवार्य खानुपर्छ,छोरी पाएपछि खसी खानु हुँदैन,Social Behavior and Relationships
932,छोरो कस्तो जस्ताको तस्तो,जुनसुकै काम पनि गर्ने ।,छोरो जहिल्यै गलत हुन्छ,छोरो सधैं आफ्नो बुबाजस्तै हुन्छ,छोरो कहिल्यै परिवर्तन हुँदैन,Social Behavior and Relationships
933,छोरो खाने बाबु हेर्ने,कलियुगमा यस्तै हो,बाबुले छोरालाई मात्र खान दिन्छन्,छोरो मात्र खाने काम गर्छ,"बाबु हेर्ने मात्र काम गर्छ, खान पाउँदैन",Social Behavior and Relationships
954,जनताको आवाज ईश्वरको आवाज,बहुमतलाई मान्ने ।,जनताको आवाज सधैं गलत हुन्छ,ईश्वरले जनताको कुरा सुन्दैनन्,जनताको आवाज ईश्वरको आदेश हो,Social Behavior and Relationships
996,जसका लागि गोठ बनायो बाहिर पुच्छर,मुख्य मान्छेलाई ठाउँ नहुनु ।,गोठ बनाएर बाहिर बस्यो,गोठ बनाएर काम नगरी हिँड्यो,गोठ बनाएर गाईलाई बाहिर छोड्यो,Social Behavior and Relationships
998,"जसले दिन्छ खाजा, उही मेरो राजा",आफ्नो काम चलाइदिने नै प्यारो हुन्छ ।,"जो खाजा दिन्छ, ऊ सधैं राजा हुन्छ",खाजा दिने व्यक्ति सधैं सही हुन्छ,खाजा खुवाउने मान्छेले सबै कुरा नियन्त्रण गर्छ,Social Behavior and Relationships
1024,जस्तो मादल बज्छ उस्तै नाच्नु,तालअनुसार चल्नु ।,मादल बजेको सुनेपछि नाच्नैपर्छ,नाच्न जान्नुपर्छ भनेर मादल बजाउनुपर्छ,मादल नबजाएसम्म नाच्न मिल्दैन,Social Behavior and Relationships
1074,जिउँदो छँदा जोई-पोइ मरेपछि कोही न कोही,बाँचुन्जेलको सहारा लोग्ने स्वास्नी मात्र हुन्छन् ।,जिउँदो छँदा जोई-पोइले कहिल्यै भेट्दैनन्,मरेपछि सबैले जोई-पोइलाई बिर्सन्छन्,जिउँदो छँदा मात्र जोई-पोइको महत्व हुन्छ,Social Behavior and Relationships
1110,"जोई न जुँगा, पोइ न पोते",हुँदै नभए पछि के गर्नु र भनेको ।,मानिससँग कुनै सम्पत्ति वा साधन छैन,मानिससँग कुनै परिवार छैन,मानिससँग कुनै काम छैन,Social Behavior and Relationships
1121,"जैसीको छोरी राँड, वैद्यको गलगाँड",अरूलाई बाटो देखाउने आफैँ बाटो नदेख्ने ।,जैसीको छोरीले सधैं विवाह गर्न सक्दैन,वैद्यको गलगाँडले सधैं रोग फैलाउँछ,जैसीको छोरी र वैद्यको गलगाँड एकै ठाउँमा बस्छन्,Social Behavior and Relationships
1127,"जो अगुवा गाउँको, उही बाटो हगुवा",जो जान्नेसुन्ने उही नै खराब ।,अगुवा मानिसले सधैं गलत निर्णय लिन्छ,गाउँको अगुवाले मात्र बाटो हग्न सक्छ,अगुवाले बाटो सफा गर्नु उसको जिम्मेवारी हो,Social Behavior and Relationships
1130,जो काली उही महादेवको साली,कालीले चित्त बुझाउने कुरा ।,काली छालाको मान्छे मात्र महादेवको नजिक हुन्छ,महादेवको साली काली हुनुपर्छ,महादेवको साली सबैभन्दा शक्तिशाली हुन्छ,Social Behavior and Relationships
1142,"जो भनी आएँ उही उठी जाने, को भनेर बस्नु खै",विवाह गरेकीले भनेकी गीत ।,"जो बोल्दै आउँछ, ऊ तुरुन्तै भाग्छ","जो आउँछ, उसले अरूसँग कुरा गर्दैन",बोल्ने व्यक्तिले कहिल्यै काम गर्दैन,Social Behavior and Relationships
1165,झ्याल ढोका बनाउनेको घरमा झ्यालै छैन,समयमा ख्याल नगरेर ।,झ्याल ढोका बनाउने मान्छेले आफ्नो काम राम्रोसँग गर्दैन,झ्याल ढोका बनाउने मान्छेले आफ्नो घरको वास्ता गर्दैन,झ्याल ढोका बनाउने मान्छेले झ्याल बनाउन जान्दैन,Social Behavior and Relationships
1167,झिल्के बाहुनको तिल्के चन्दन,निष्ठा नहुनेले बढी ढर्रा पार्छन्,झिल्के बाहुनले तिल्के चन्दन लगाउँदा शक्ति बढ्छ,झिल्के बाहुनले चन्दन लगाउँदा उसलाई देवता मान्नुपर्छ,तिल्के चन्दन लगाउँदा झिल्के बाहुनको बुद्धि बढ्छ,Social Behavior and Relationships
1175,"झुंगा गाडीको भोटे थर्कनु, गोर्खालीहरू सर्कनु",लडाइँमा गौरव मान्नु ।,झुंगा गाडीमा चढेर यात्रा गर्न डराउनु,गोर्खालीहरू सधैं डराउँछन्,भोटेहरूले गोर्खालीहरूलाई सजिलै हराउँछन्,Social Behavior and Relationships
1177,झुटको खेती सप्रेमा दीपावली गर,आश नभएको काम हुनु ।,झुट बोलेर धेरै पैसा कमाउन सकिन्छ,झुटो कुरा गर्दा सबैले खुशी मनाउँछन्,झुटलाई सधैं प्रोत्साहन दिनुपर्छ,Social Behavior and Relationships
1180,झुटो माया झुटो काय,संसार यस्तै हो ।,साँचो माया र कायको कुनै सम्बन्ध छैन,माया सधैं झुटो हुन्छ,झुटो माया नै साँचो जीवनको आधार हो,Social Behavior and Relationships
1186,टपरीमा सिता भए कौवा कति कति,आफूसँग भएपछि सबै पछि लाग्छन् ।,कौवाका लागि सिता सधैं टपरीमा हुन्छ,कौवाले सधैं सिता खाने मौका पाउँछ,सिता टपरीमा राखेपछि कौवा धेरै आउँछन्,Social Behavior and Relationships
1207,"ठुलाको सङ्गतले घरजम, छोटाको सङ्गतले नाक कान",सत्सङ्गत गर्दा ठुलाकै गर्नू ।,ठूलाको सङ्गतले घर बिग्रन्छ,छोटाको सङ्गतले कान नाक गुमाउँछ,ठूलासँग बस्दा नाक कान काटिन्छ,Social Behavior and Relationships
1221,"डिठ्ठा न विचारी, आइमाईंको कचहरी",बेमतलबको गफ गर्नु ।,डिठ्ठा बिना सोच विचार गरेर आइमाईंको बैठकमा जान्छ,डिठ्ठाले आइमाईंको कचहरी चलाउँछ,आइमाईंको कचहरीमा डिठ्ठाले न्याय दिन्छ,Social Behavior and Relationships
1237,"ढुङ्गाको भर माटो, माटोको भर ढुङ्गो",आपसमा सबैको मद्दत चाहिन्छ ।,ढुङ्गाले माटो बनाउन सक्दैन,माटोले ढुङ्गालाई सहारा दिन्छ,ढुङ्गा र माटो एकै प्रकारका हुन्छन्,Social Behavior and Relationships
1238,ढोका छोडी झ्यालबाट पस्नु,कानुन मिच्ने र विचार नपुयाउने ।,ढोका प्रयोग गर्न नजान्नु,सजिलो बाटो छाडेर गाह्रो बाटो रोज्नु,नियम मिचेर काम गर्नु,Social Behavior and Relationships
1253,"तर्न सजिलो पुलले, बिस्तारा राम्रा झुलले",आनन्दी हुनु ।,पुल सजिलो भए पनि तर्न डराउनु पर्छ,झुल राम्रो भए पनि सुत्न नजान्नु,पुल र झुलको कुनै सम्बन्ध छैन,Social Behavior and Relationships
1271,तैं चुप मै चुप,पोल थाहा पाउनु,सबै जना मिलेर चुप लाग्नुपर्छ,बोल्न मनाही छ,सबैलाई डर लागेर चुप छन्,Social Behavior and Relationships
1319,थिचाइभन्दा मिचाइ मज्जा,ठूलो कुराले भन्दा सानो कुराले सन्तुष्टि मिल्नु ।,थिचेर भन्दा मिचेर काम गर्न राम्रो हुन्छ,जबरजस्ती गर्न मज्जा आउँछ,अरूलाई दबाउन पाउँदा राम्रो हुन्छ,Social Behavior and Relationships
1335,दान गरेको उज्यालो स्वर्गसम्म,दानको ठूलो महत्त्व हुन्छ,दान गरेपछि उज्यालो स्वर्गमा पुग्न सकिन्छ,स्वर्गमा मात्र दानको महत्व हुन्छ,उज्यालो दान गर्दा स्वर्गमा उज्यालो हुन्छ,Social Behavior and Relationships
1338,"दमाईंको थुक चोखो, बाहुनको मुख चोखो",पढ्ने र सिउने भएर ।,दमाईंको थुकले पानी शुद्ध हुन्छ,बाहुनले केही खाएपछि सबै चोखो हुन्छ,दमाईंले थुकेपछि मात्र चोखो मानिन्छ,Social Behavior and Relationships
1339,दमाईंले लुगा र कामीले फलाम नचोरी हुँदैन,पुरानो कुरा ।,दमाईंले सधैं लुगा चोर्छ,कामीले फलाम मात्र चोर्छ,यी जातिहरूले चोर्नु अनिवार्य हुन्छ,Social Behavior and Relationships
1352,दानमा आएको बाच्छाको दाँत कसले गन्छ,सित्तै पाएको कुरा राम्रो नराम्रो छुट्याइँदैन ।,दानमा आएको बाच्छाको दाँत सधैं राम्रो हुन्छ,दानमा आएको बाच्छाको दाँत गन्ने काम अनिवार्य छ,दानमा आएको बाच्छाको दाँत नहेर्नु भनेको गल्ती हो,Social Behavior and Relationships
1366,दाह्री काट्ने साक्षी बस्ने,उहिले विश्वास नहुँदा त्यस्तै गर्थे ।,दाह्री काट्न साक्षी चाहिन्छ,साक्षीले दाह्री काट्छ,दाह्री काट्दा साक्षीले प्रमाण दिन्छ,Social Behavior and Relationships
1374,दिउँ त आफू नाङ्गो नदिउँ त मुखै बाङ्गो,"दिँदा आफूलाई छैन, नदिए रिसाउने ।",दिउँ भने कपडा च्यातिन्छ,नदिउँ भने मुख बिग्रन्छ,दिउँ भने लाज लाग्छ,Social Behavior and Relationships
1378,दुर्बलस्य बलम् राजा,दुर्बलका लागि बल नै सबै कुरा हो ।,राजा मात्र दुर्बल हुन्छ,दुर्बल मानिसले राजा बन्नुपर्छ,राजा सधैं कमजोर हुन्छ,Social Behavior and Relationships
1398,"देउतैपिच्छे पूजा, मान्छे पिच्छे कुरा",जस्तो-जस्तो ठाउँ उस्तै-उस्तै व्यवहार ।,देउता र मान्छेबीच तुलना गर्नु,पूजा गर्दा कुरा गर्नु,पूजा गर्दा मान्छेले कुरा सुन्नु,Social Behavior and Relationships
1478,"धेरैले थुके नदी बन्छ, थोरैले थुके सुक्छ",बहुमत हुनु ।,"धेरैले थुके भने नदी बन्छ, तर थोरैले थुके भने पानी बग्न छोड्छ",थोरै मानिसले प्रयास गरे भने काम बिग्रन्छ,थोरै सहयोगले ठूलो उपलब्धि हासिल गर्न सकिँदैन,Social Behavior and Relationships
1488,नङले चिमोटे हुनेलाई बन्चरो किन तताउनु,सानो प्रयत्नबाट काम हुन्छ भने धेरै जोड नगर्नू ।,नङले चिमोटे भने बन्चरोले प्रतिकार गर्नुपर्छ,सानो चोटलाई ठूलो चोटले बदला लिनु उचित छ,साना समस्याहरूलाई ठूला उपायले समाधान गर्नुपर्छ,Social Behavior and Relationships
1498,नबोलाईकन त कुकुर पनि न जावस्,आफ्नो मन इज्जत खोज्ने मान्छे ।,कुकुरले बोल्न सक्दैन,बोल्ने जनावर मात्र जान सक्छ,कुकुरले बोल्न नजानेपछि कतै जानु हुँदैन,Social Behavior and Relationships
1505,नगर्नु व्यर्थ जनहरूले रूप र धनको अभिमान,सधैँ घमन्डी भएर नबस्नु ।,धन र रूपको अभिमान गर्नैपर्छ,जनहरूले रूप र धनको प्रशंसा नगरी बस्न सक्दैनन्,अभिमान नगर्नु भनेको कमजोरी हो,Social Behavior and Relationships
1509,"नानीले काखमा गरेको दिसा धुन सकिन्छ, काखै काटेर फाल्न सकिन्न",सम्भव हुने मात्र काम गर्न मिल्छ ।,नानीले काखमा गरेको दिसा कहिल्यै धुन सकिँदैन,काख काटेर फाल्न सकिन्छ तर दिसा धुन सकिन्न,नानीले काखमा गरेको दिसा धुनु भनेको काख काट्नु हो,Social Behavior and Relationships
1514,नचिनेको चोर बाबु समान,त्यसै दोष नलाउनु ।,नचिनेको चोर बाबु समान हुन्छ,चोरलाई चिन्नु पर्दैन,सबै चोरहरू बाबुजस्तै हुन्छन्,Social Behavior and Relationships
1549,नाम भने चलेको खानाले गलेको,"दर्जा ठूलो, आम्दानी थोरै ।",चलेको खानाले मानिसलाई दौडिन सक्षम बनाउँछ,राम्रो खानाले मानिसलाई कमजोर बनाउँछ,खानाले मानिसको शरीरलाई कमजोर बनाउँछ,Social Behavior and Relationships
1556,निकी भनेकी बुहारी ओछ्यान मुतुई,राम्रो ठानेको पनि खोटी हुनु,निकी भनेकी बुहारी सधैं ओछ्यानमा सुतिरहन्छिन्,निकी भनेकी बुहारीले सधैं गल्ती गर्छिन्,निकी भनेकी बुहारीलाई सुत्न मात्र मन पर्छ,Social Behavior and Relationships
1580,"पल्लापट्टि जेठाजुका यट्नाभरी खसी, हाम्रा घरका स्वामीज्यूका हिउँद गए बसी",अल्छी गरेको परिणाम ।,"पल्लापट्टि जेठाजु धनी छन्, हाम्रा घरका स्वामीज्यू गरिब छन्","पल्लापट्टि जेठाजुका खसी धेरै छन्, हाम्रा घरमा खसी छैनन्","पल्लापट्टि जेठाजुका घरमा भोज छ, हाम्रा घरमा चिसो छ",Social Behavior and Relationships
1589,"पाहुना तर्साउनु, खेताला पल्काउनु",फाइदा हुने काम पहिला गर्नु ।,पाहुनालाई डराएर भगाउनु,खेतालालाई काम गर्न नदिनु,पाहुनालाई राम्रोसँग सत्कार गर्नु,Social Behavior and Relationships
1595,पाहुनाको रोजी दूधभात,खोजे जस्तो कहाँ पाउँछ र ?,"पाहुनालाई जे मन लाग्छ, त्यही दिनुपर्छ",पाहुनालाई सधैं दूधभात मात्र खान दिनुपर्छ,पाहुनालाई मन नपर्ने कुरा खान दिनु हुँदैन,Social Behavior and Relationships
1606,पहिलो दिनको पाहुना मिठो खा पछिको जतासुकै जा,धेरै नसक्नु ।,पहिलो दिनको पाहुना धेरै नराम्रो हुन्छ,पाहुनालाई पहिलो दिन खाना नदिए हुन्छ,पाहुनालाई कहिल्यै सम्मान गर्नु हुँदैन,Social Behavior and Relationships
1618,पानी खाइसकेर जात सोध्ने,काम बितेपछि खोजिनीति गर्नु ।,पानी पिएपछि मानिसको जात फेरिन्छ भन्ने सोच्नु,पानी पिएपछि मात्र मानिसले आफ्नो परिचय दिनुपर्छ भन्ने बुझ्नु,पानी पिएपछि मानिसले आफ्नो भाषा परिवर्तन गर्छ भन्ने ठान्नु,Social Behavior and Relationships
1649,फूलको बास्ना वरिपरि मानिसको बास्ना डाँडा पारी,मानिसको कीर्ति टढासम्म फैलन्छ ।,फूलले मानिसलाई डाँडामा पुर्‍याउँछ,मानिसको बास्ना फूलले खसाल्छ,फूल र मानिसको बास्ना बराबर हुन्छ,Social Behavior and Relationships
1652,पोइ न सोइ कोही न कोही,जथाभावी हिँड्ने स्त्री मान्छे ।,पति नभए साथी पनि हुँदैन,सबै मानिसहरू अविश्वसनीय हुन्छन्,एक्लोपनको जीवन असम्भव हुन्छ,Social Behavior and Relationships
1666,बाउन्न ठक्कर त्रिपन्न घुस्सा नखाई सुध्रदैन,"नपरी, चेत्दैन ।",बिना ठक्कर र घुस्सा पनि मानिस सजिलै सुध्रिन्छ,ठक्कर र घुस्साले मानिस झन् बिग्रन्छ,सुध्रिनका लागि घुस्सा आवश्यक छैन,Social Behavior and Relationships
1702,बाहुनको चित्त माछाको पित्त,कहिल्यै सन्तोष नहुने ।,बाहुनले माछा खान मन पराउँछ,बाहुनको चित्त माछाको पित्त जस्तै तीतो हुन्छ,बाहुनलाई माछाको पित्त खान मन लाग्छ,Social Behavior and Relationships
1722,बोलक्कड नौसिन्दा नायबका अगाडि चुप,कमजोरसँग फुर्ती लाउने शक्तिशालीसँग मुसो हुने ।,बोल्ने मान्छेले सधैं गल्ती गर्छ,नौसिन्दा मानिसले सधैं जित्छ,नायबको अगाडि सबै डराउँछन्,Social Behavior and Relationships
1736,"बस्न पाइयो भनेर थ्याच्च नबस्नू, भन्न पाइयो भनेर प्याच्च नभन्नू",विचार पुयाएर काम गर्नुपर्छ ।,बस्न पाइयो भने तुरुन्तै बस्नुपर्छ,भन्न पाइयो भने जे पनि भन्न पाइन्छ,अरूले जे भने पनि त्यसको मतलब हुँदैन,Social Behavior and Relationships
1788,बूढो गोरुले गाई ओगट्ने,नसक्नेले सक्छु भन्नु ।,बूढो गोरुले गाईलाई हराउँछ,बूढो गोरुले गाईसँग लड्छ,बूढो गोरुले गाईलाई घाइते बनाउँछ,Social Behavior and Relationships
1791,बुहारी कस्ती भ्यान्टाको बोटमा झटारो हान्ने जस्ती,"डल्ली बहारीलाई जिस्काउने, गिजाउने ।",बुहारीले भ्यान्टा खेती गर्छिन्,बुहारीले घरको काम नगरी बारीमा झटारो हान्छिन्,बुहारीले काम गर्दा सधैं झगडा गर्छिन्,Social Behavior and Relationships
1802,बैँस गए पनि बानी गएन,बूढो हुँदा पनि ख्याल ठट्टा गर्ने ।,बुढेसकालमा पनि मानिस जवान हुन्छ,बानीले मानिसको उमेर घट्छ,उमेर बढ्दै जाँदा सबै बानीहरू परिवर्तन हुन्छन्,Social Behavior and Relationships
1817,भलाका साथमा बस्दा पान सुपारीको मान,राम्राको सङ्गत गरे फाइदा हुन्छ ।,साथीहरूको प्रभावले मानिसको मूल्य घट्छ,पान सुपारीको मान कम हुन्छ,राम्रोसँग बस्दा खराब आदतहरू बढ्छ,Social Behavior and Relationships
1820,"भकारीमा धान छन्, रेने फेने खान्छन्",धेरै बस्ने काम नगर्नेले खाने भात ।,धान भकारीमा राख्न नहुने,धानलाई रेने फेनेले मात्र खान्छन्,भकारी खाली भए पनि रेने फेनेले खान पाउँछन्,Social Behavior and Relationships
1830,भाँग्राको टोपीलाई गुहेलीको फूल,ठ्याम्मै नसुहाउने फेसन ।,भाँग्राको टोपीलाई गुहेलीको फूल भनेको टोपीलाई फूलको सट्टा लगाउनु हो,यो उखानले टोपीलाई फूलको रूपमा प्रयोग गर्नुपर्छ भन्ने अर्थ दिन्छ,यो उखानले टोपी र फूललाई समान ठान्नुपर्छ भन्ने बताउँछ,Social Behavior and Relationships
1848,भिनाजुले जिस्काएको उजुर न बाजुर,पहिलेदेखिको चलन ।,भिनाजुले जिस्काउँदा उजुरी गर्नै हुँदैन,भिनाजुले जिस्काएको कुरा सधैं गम्भीर हुन्छ,भिनाजुले जिस्काउँदा बाजुरमा उजुरी दिनुपर्छ,Social Behavior and Relationships
1853,भेडा-भेडासँग बाखा-बाखासँग,सबै जाति आ-आफ्नै जात रुचाउँछन् ।,भेडा र बाख्रा सधैं सँगै बस्नुपर्छ,सबै जनावर एकै ठाउँमा बस्नुपर्छ,भेडा र बाख्रा एउटै जातका हुन्छन्,Social Behavior and Relationships
1896,"मरे सासुको छोरो, बाँचे पोइ",स्वार्थी स्वास्नी ।,सासु मरेपछि छोरो हराउँछ,मरेपछि मात्रै सासुको छोरो जन्मिन्छ,सासु मरेपछि पोइको अस्तित्व समाप्त हुन्छ,Social Behavior and Relationships
1906,माछो-माछो भ्यागुतो,अरूलाई छक्काउने चाला ।,माछा र भ्यागुतो सँगै बस्न सक्दैनन्,माछा र भ्यागुतो एउटै प्राणी हुन्,माछा र भ्यागुतो एकअर्काको शत्रु हुन्,Social Behavior and Relationships
1922,माटाको भाँडोलाई काठको मुङ्ग्रो,जस्तालाई तस्तै ।,माटोको भाँडो बलियो हुन्छ,मुङ्ग्रो काठको भन्दा माटोको राम्रो हुन्छ,भाँडो र मुङ्ग्रो एउटै कामका लागि हुन्छन्,Social Behavior and Relationships
1932,मियाँ बिबी राजी तो के गर्ला काजी,मन मिलेपछि कसैको केही चल्दैन ।,मियाँ बिबी राजी भए पनि काजीले निर्णय लिनुपर्छ,मियाँ बिबी राजी भए पनि काजीले विवाह रोकिन सक्छ,मियाँ बिबी राजी भए पनि काजीको अनुमति अनिवार्य छ,Social Behavior and Relationships
1937,मुखमा राम-राम बगलीमा छुरा,मुखले ठिक्क पार्नु व्यवहारले मार्नु ।,धार्मिक व्यक्तिले कहिल्यै हतियार चलाउँदैन,यो उखानले इमानदार व्यक्तिलाई जनाउँछ,सबै राम-राम भन्नेहरू असल हुन्छन्,Social Behavior and Relationships
1948,मुला खाई वन पस्नु अदुवा खाई सभामा बस्नु,मुलाको डकार नराम्रो र अदुवाको राम्रो हुन्छ ।,मुला खाएर वनमा जानु स्वास्थ्यका लागि राम्रो हुन्छ,अदुवा खाएर मात्र सभामा बस्न पाइन्छ,वनमा जानुअघि मुला खानु अनिवार्य छ,Social Behavior and Relationships
1956,मुख चल्नेको काम हुँदैन,धेर बोल्ने मान्छेले काम गर्दैन ।,मुख चलाउनेले कहिल्यै बोल्न सक्दैन,मुख चलाउनेले कहिल्यै काम गर्दैन,मुख चलाउने मान्छे सधैं चुप लागेर बस्छ,Social Behavior and Relationships
1965,जहाँ नारी पुजिन्छन् त्यहाँ देउता खुसी,नारी खुसी भए देवता खुस,नारीलाई पूजा नगरे देउता रिसाउँछन्,नारीलाई मात्र पूजा गर्दा देउता खुसी हुन्छन्,देउता खुसी बनाउन नारीलाई सधैं पूजा गर्नुपर्छ,Social Behavior and Relationships
1985,"रक्षा दललाई रासन, नेतालाई भाषण",बीचमा जमाएको फौजी भएर,रक्षा दललाई रासन दिनु भनेको उनीहरूलाई कमजोर बनाउनु हो,नेतालाई भाषण दिनु भनेको उनीहरूलाई काम नगर्न दिनु हो,रासन र भाषण दुवै अनावश्यक छन्,Social Behavior and Relationships
2058,लुगा धोइस् बुढी सुँघी हेर बूढा,लटरपटर काम गर्नु।,बुढीले लुगा धोएर बूढालाई सुँघ्न लगाइन्,बूढाले सुँघेर लुगाको गुणस्तर जाँच गरे,लुगा धोएपछि बूढाले सुँघ्न मन पराउँछन्,Social Behavior and Relationships
2106,सय कुपुत एक सपुत,कुपुत्र धेरै हुनुभन्दा एउटै सुपुत्र होस् ।,सय कुपुतले एक सपुतलाई हराउँछ,सबै कुपुतहरू मिलेर एक सपुत बन्छन्,कुपुतहरू सपुतभन्दा शक्तिशाली हुन्छन्,Social Behavior and Relationships
2216,"अच्छयूँ खाएँ, बच्छ्यूँ खाएँ, झुसे बारुलो",उस्तैले त सकेनन् भने भारेभुरेलाई ठीक पार्न केही गाह्रो छैन।,"अचम्मको खाना खाएँ, बच्चा खाएँ, बारुलोले झुसेको खाएँ",सानो जनावरले सधैं झगडा गर्छ,बारुलोले सबैलाई खाइदिन्छ,Social Behavior and Relationships
2301,काँक्रालाई थाँक्रो दियो थाँक्रे धनी,जसलाई आड दियो उसैको बनिबनाउ हुन्छ।,काँक्रालाई थाँक्रो दिएपछि काँक्रो नै हरायो,काँक्रालाई थाँक्रो दिएपछि काँक्रो बिग्रियो,काँक्रालाई थाँक्रो दिएपछि काँक्रोले फल दिन छाड्यो,Social Behavior and Relationships
2303,काँचो दारिम पापी कि टिप्ने मान्छे पापी ?,कसुर गर्ने मानिस दोषी नभए अरू को हुन्छ?,काँचो दारिम खाने मान्छे पापी हुन्छ,दारिम टिप्नै नहुने कुरा भनिएको छ,दारिम टिप्ने मान्छेले सधैं पाप गर्छ,Social Behavior and Relationships
2308,काटेको घाउमा नुनचुक,दुःख परेको समयमा थप दुःख आइपर्नु ।,घाउमा नुनचुक हाल्दा चाँडै निको हुन्छ,नुनचुकले घाउलाई सफा गर्छ,नुनचुकले घाउलाई दुख्न रोक्छ,Social Behavior and Relationships
2316,"काम गर्ने हनुमान्, जस पाउने/ पगरी गुथ्ने ढेडु",काम गर्ने एउटा र स्याबासी लिन खोज्ने अर्को हुन्छ ।,हनुमान् काम गर्छ तर जस ढेडुले पाउँछ,जस पाउनका लागि काम गर्नै पर्दैन,जस पाउनेले कहिल्यै काम गर्दैन,Social Behavior and Relationships
2332,कुकुरको पुच्छर बाह्र वर्ष ढुङ्ग्रामा हाले पनि बाङ्गाको बाङ्गै,नसुध्रने मानिसलाई जति उपदेश दिए पनि काम लाग्दैन।,कुकुर सिधा हुन सक्छ,ढुङ्ग्रामा हालेपछि कुकुरको पुच्छर सिधा हुन्छ,समयसँगै सबै कुरा परिवर्तन हुन्छ,Social Behavior and Relationships
2371,"गुरु गुड, चेला चिनी",गुरुभन्दा शिष्य बढ्ता जान्ने।,गुरु र चेला एउटै स्तरका हुन्छन्,गुरु कमजोर हुन्छ र चेला बलियो,चेला सधैं गुरु भन्दा राम्रो हुन्छ,Social Behavior and Relationships
2415,जिउँदाको जन्ती र मर्दाको मलामी,छरछिमेकी जहिले पनि चाहिन्छन्।,जिउँदाको जन्तीमा नजानु र मर्दाको मलामीमा जानु,जन्ती र मलामीमा जानु अनिवार्य छैन,जिउँदालाई बेवास्ता गर्नुपर्छ र मरेपछि मात्र सम्मान दिनुपर्छ,Social Behavior and Relationships
2443,ठाउँ न ठहर बूढीको रहर,अनुकूल नपारी काम गर्न खोज्ने चाल।,बूढीलाई कुनै पनि ठाउँमा रहर लाग्दैन,बूढीको रहरले ठाउँ ठहर हुँदैन,बूढीलाई ठाउँको महत्त्व थाहा हुँदैन,Social Behavior and Relationships
2450,ढाँटको निम्तो खाई पत्याउनू,ढाँट्ने बानी भएका मानिसको निम्तो झूटो हुने हुनाले निम्तो खाएपछि मात्र हो रहेछ भन्ने ठान्नुपर्छ।,ढाँट्ने मानिसलाई विश्वास गर्नु,झूट बोल्नेको निम्तो स्वीकार्नु,ढाँटलाई सत्य ठान्नु,Social Behavior and Relationships
2451,"ढुङ्गाको भर माये, मायको भर ढुङ्गो",सबैलाई आफुस-आफुसको सहयोग चाहिन्छ।,मायामा ढुङ्गा जस्तै कठोर हुनु,ढुङ्गाको भरमा मात्र माया टिक्छ,मायामा ढुङ्गाले मात्र विश्वास गर्नुपर्छ,Social Behavior and Relationships
2468,"दिऊँ त आफू नाङ्गो, नदिऊँ त माग्नेको मुख बाङ्गो","दिए आफूलाई हुँदैन, नदिए अरू रिसाउँछन्।",दिऊँ भने आफैंलाई घाटा हुन्छ,नदिऊँ भने सबैले मलाई नराम्रो भन्छन्,माग्नेलाई कहिल्यै सन्तोष हुँदैन,Social Behavior and Relationships
2476,देशअनुसारको (जस्तो देश उस्तै) भेष,ठाउँअनुसार मिल्दोजुल्दो पहिरन हुनुपर्छ।,सबै देशका मानिसहरू एकै प्रकारका हुन्छन्,कुनै पनि देशमा गए पनि आफ्नो भेष परिवर्तन गर्नुपर्दैन,भेषले देशको संस्कृति र पहिचानलाई असर गर्दैन,Social Behavior and Relationships
2503,"पछि आउने, माझमा सुत्ने",उछिनपाछिन गरी मौका हात लाउन खोज्ने ।,पछि आउने व्यक्तिले सुत्न पाउँछ,सुत्नेले पछि आउँछ,सुत्नेले सधैं पछाडि नै आउँछ,Social Behavior and Relationships
2505,"पशुपतिको जात्रा, सिद्राको बेपार","राम्रो कामसँगै साधारण काम पनि मिसिने चाल, एउटै प्रयासले पूरा हुने दुई थरी काम",पशुपतिमा जात्रा गर्दा सिद्रा बेच्न पाइन्छ,सिद्रा बेच्न पशुपतिमा जानुपर्छ,सिद्राको व्यापार गर्न पशुपतिको जात्रामा सहभागी हुनुपर्छ,Social Behavior and Relationships
2507,पाडो खानेले बाछो राख्दैन,एक थरीलाई बिगार गर्नेले अर्का थरीलाई पनि बाँकी राख्दैन ।,पाडो खानेले बाछो जन्माउँदैन,पाडो खानेले बाछोलाई मार्छ,पाडो खानेले बाछोलाई घाँस खुवाउँदैन,Social Behavior and Relationships
2511,"पोल्टाको खाजा कति दिनु, कति खानु",भए पनि नहुनु बराबरको ।,पोल्टामा खाजा राखेर धेरै दिनसम्म खान सकिन्छ,खाजा पोल्टामा राखेर दिनु र खानु राम्रो हुन्छ,खाजा धेरै बाँड्नुपर्छ,Social Behavior and Relationships
2533,बाहुनको च्याउ खाओस् न स्वाद पाओस्,खाँदै नखाएको वा गर्दै नगरेको कुरामा कसैले पनि अनुभव पाउँदैन।,बाहुनले च्याउ खाँदा रोग लाग्छ,बाहुनलाई च्याउ खान मन पर्दैन,बाहुनले च्याउ खाँदा उसले स्वाद छुट्याउन सक्दैन,Social Behavior and Relationships
2537,बिहा नभए पनि जन्ती त गएको छु,अनुभवी छु भन्ने कथन ।,मैले बिहे नगरे पनि अरूको बिहेमा नाच्न गएको छु,म महत्वपूर्ण छैन तर उपस्थित छु,मसँग मुख्य भूमिका छैन तर म सहभागी भएको छु,Social Behavior and Relationships
2573,मागीमागी छोराको बिहे,मागेर काम चलाउने बानी ।,मागेर बिहे गर्दा राम्रो हुन्छ,छोराले मागेपछि मात्र बिहे गर्नुपर्छ,बिहे गर्नका लागि धेरै माग्नुपर्छ,Social Behavior and Relationships
2604,"रूखअन्सारको छाया, नाताअन्सारको माया",रूखअनुसार धेरै वा थोरै छाया भए माया पनि नाताअनुसार नै हुन्छ।,"रूखले छाया दिँदैन, नाताले माया गर्दैन","रूखको छाया सबैलाई बराबर हुन्छ, नातामा माया हुँदैन",रूखले छाया दिन्छ तर नाताले सधैं माया गर्दैन,Social Behavior and Relationships
2625,विष नभएको सर्प र ईख नभएको मानिस के काम?,सर्पमा विष भएझैँ मानिसमा ईख भएमा नै उसको उन्नति हुन्छ।,सर्पले विष नहुँदा पनि डर देखाउन सक्छ,मानिसले ईख नभए पनि सफल हुन सक्छ,विष र ईख नै सफलताको मुख्य स्रोत हुन्,Social Behavior and Relationships
2629,"श्राद्ध खानू, बिहे हेर्नू",श्राद्धमा भोजन र बिहेमा रमाइलोको महत्त्व हुन्छ।,श्राद्ध खानू भनेको भोज खानु हो,बिहे हेर्नू भनेको रमाइलो हेर्नु हो,श्राद्ध खानू भनेको धार्मिक अनुष्ठानमा सहभागी हुनु हो,Social Behavior and Relationships
2710,जो होचो उसको मुखमा घोचो ।,सानो वा कमजोर व्यक्तिलाई हेप्नु ।,"जो होचो हुन्छ, उसलाई सधैं गाली गरिन्छ",होचो व्यक्तिले सधैं अरूलाई दुख दिन्छ,होचो व्यक्तिले मात्र झगडा गर्छ,Social Behavior and Relationships
2744,"काम साँचे आफूलाई, खान साँचे अरूलाई ।",भोलिको लागि काम साँच्नु भन्दा आजै गरेको राम्रो किनकी त्यो काम अरुले गर्दिने होइनन् ।,"काम अरूले गर्छ, खान आफूले गर्छ","काम गर्नै हुँदैन, खान पाइन्छ",काम गर्दा अरूले खान पाउँछन्,Social Behavior and Relationships
2756,"खसी जोख्‍नु सय चोटि, मान्छे जोख्‍नु एक चोटि ।",मान्छेको मूल्याङ्कन सोचेर बुझेर एक चोटी मात्र गर्नुपर्छ ।,खसीलाई सय चोटि जोख्नुपर्छ भने मान्छेलाई एक चोटि मात्रै जोख्नुपर्छ,"खसी जोख्दा सय चोटि गल्ती हुन्छ, मान्छे जोख्दा एक चोटि गल्ती हुन्छ","खसी जोख्न सय चोटि समय लाग्छ, मान्छे जोख्न एक चोटि मात्रै समय लाग्छ",Social Behavior and Relationships
2782,बलेको आगोमा घिउ थप्नु ।,पहिले नै खराब अवस्थालाई अझ खराब बनाउनु ।,आगो निभाउन घिउ प्रयोग गर्नु,घिउले आगो निभ्छ,आगोमा घिउ हाल्दा आगो चिसिन्छ,Social Behavior and Relationships
2797,भुक्ने कुकुरले टोक्दैन ।,अरू मानिसहरूलाई सजिलै धम्की दिने व्यक्तिले प्रायः केही गर्न सक्दैनन् ।,भुक्ने कुकुर सधैं डराउँछ,कुकुरले भुक्नै सक्दैन,कुकुरले टोक्न नजान्ने हुँदा मात्र भुक्छ,Social Behavior and Relationships
2820,"पाँच पैसाको ल्वांग छैन, दस पैसाको स्वांग !",आफुसँग केही नहुँदा पनि धेरै भये जस्तो नाटक गर्ने।,मानिसले सस्तो कुरा किनेर महँगो देखिन खोज्छ,सानो कुरा नहुँदा ठूला कुरा पनि व्यर्थ हुन्छन्,थोरै पैसामा ठूलो काम गर्न खोज्नु,Social Behavior and Relationships
12,अङ्गभङ्ग गर्दै तत्वोचिन्तामा अघि सर्दै,अङ्गअङ्गले संसारको अनित्यता रहँदै जान्छ ।,उखानको शाब्दिक अर्थलाई तोडमोड गर्दै गलत व्याख्या गर्नु,तत्वोचिन्तालाई बेवास्ता गर्दै सतही अर्थ दिने प्रयास गर्नु,उखानलाई सन्दर्भबाट बाहिर राखेर अनावश्यक रूपमा अर्थ खिच्नु,Wisdom and Knowledge
18,अँध्यारो घरको बत्ती,दुःखमा हर्षोल्लास,अँध्यारो घरमा बत्ती बाल्न आवश्यक छैन,बत्ती भए पनि उज्यालो हुँदैन,अँध्यारो घरमा बत्तीले काम गर्दैन,Wisdom and Knowledge
26,"अक्कल बन्नलाई इसारा, मूर्खलाई फड्कारा",मान्छेअनुसारको नीति प्रयोग गर्नु ।,अक्कल भएका मानिसले संकेत बुझ्दैनन्,मूर्खलाई इसारा गर्दा पनि सजिलै बुझ्छ,इसारा गर्नु भनेको मूर्खता हो,Wisdom and Knowledge
44,अकलबन्दले विलखबन्द हुनुपर्दैन,"बुद्धि, कला, सिप हुनेले के गर्ने भनेर बस्नुपर्दैन ।",अक्लबन्द मानिसले सधैं समस्यामा पर्छ,अक्लबन्द मानिसले निर्णय लिन सक्दैन,अक्लबन्द मानिसले सधैं अरूको सहयोगमा निर्भर रहन्छ,Wisdom and Knowledge
47,अकुल्या राजा अनपढ बाहुन,अयोग्य ।,राजा सधैं अनपढ हुन्छन्,बाहुनहरू कहिल्यै पढ्न सक्दैनन्,अकुल्याहरू मात्र राजाहरू हुन्छन्,Wisdom and Knowledge
48,अक्कलका पछि लाठो लिएर दगुर्नु,समस्याको समाधान ठीक तरिकाले नगर्नु ।,अक्कलको काम लाठोले मात्र गर्न सकिन्छ,लाठो लिएर हिँड्दा अक्कल बढ्छ,अक्कल र लाठो सँगै प्रयोग गर्नुपर्छ,Wisdom and Knowledge
49,अक्कल जब्बर कि भैंसी जब्बर,बुद्धि ठूलो कि बल ? भनेको ।,अक्कलभन्दा भैंसीको तौल बढी हुन्छ,भैंसीले अक्कल दिन्छ,अक्कलले भैंसी जित्न सक्दैन,Wisdom and Knowledge
50,अकलवन्तीलाई इसारै काफी छ,बुभनेका लागि धेरै बेलीविस्तार चाहिँदैन ।,अकलवन्तीलाई बोल्नै पर्दैन,अकलवन्तीले सधैं गल्ती गर्छे,अकलवन्तीलाई कुरा बुझ्न सक्दैन,Wisdom and Knowledge
51,"अक्कल मात्र मारूँ, अरू सबै चिज भरी छन् बरु",धन छ बुद्धि छैन ।,अक्कल धेरै छ,अरू केही छैन,सबै चिज भरिएर फुट्न लागेका छन्,Wisdom and Knowledge
52,अक्कलीको अक्कलमा छल चल्दैन,बुद्धिमानले अरूलाई धोका दिँदैन ।,अक्कली मानिसले कहिल्यै गल्ती गर्दैन,अक्कली मानिसले अरूलाई धोका दिन्छ,अक्कली मानिसले सधैं जित्छ,Wisdom and Knowledge
53,"अक्कलीके आगे, भुत पनि भागे",बुद्धिमानको अगाडि कसैको केही लाग्दैन ।,अक्कली मानिसले डराएर भाग्छ,अक्कली मानिसले भूतलाई बोलाउँछ,अक्कली मानिसले भूतसँग मिलेर काम गर्छ,Wisdom and Knowledge
54,"अक्षर शत्रु, नाउँ विद्याधर",नामविपरीतको काम ।,शत्रु भनेको अक्षरहरू हुन्,विद्याधर भनेको नाउँ मात्र हो,अक्षरहरू पढ्नाले शत्रु बन्छ,Wisdom and Knowledge
114,अकबरी सुनलाई कसी लाउनु पर्दैन,असल मान्छेलाई जाँच्नु पर्दैन ।,अकबरी सुनलाई कसी लगाएपछि मात्र शुद्धता थाहा हुन्छ,अकबरी सुन सस्तो हुन्छ,अकबरी सुनलाई कसी लगाउँदा बिग्रन्छ,Wisdom and Knowledge
123,अन्धाले संसार देख्नु,गर्न नसक्ने काम गर्न खोज्नु,अन्धाले संसार देख्नु भनेको सबैले समान दृष्टिकोण राख्नु,अन्धाले संसार देख्नु भनेको सबै कुरा बुझ्नु,अन्धाले संसार देख्नु भनेको आँखाले मात्र संसार बुझ्न सकिन्छ,Wisdom and Knowledge
129,अरूको बुद्धिमा राजा हुनुभन्दा आफ्नो बुद्धिमा जोगी हुनु बेस,आफ्नै बुद्धिमा गौरव गर्नु ।,अरूको बुद्धि प्रयोग गरेर सधैं सफल भइन्छ,आफ्नो बुद्धि कहिल्यै काम लाग्दैन,जोगी बन्नेले बुद्धि प्रयोग गर्नुपर्दैन,Wisdom and Knowledge
138,अबुझलाई के पान के पकवान,केही थाहा नपाउने ।,अबुझलाई पान र पकवानको फरक थाहा हुन्छ,अबुझलाई पान र पकवान मनपर्छ,अबुझलाई पान र पकवानको स्वाद राम्ररी थाहा हुन्छ,Wisdom and Knowledge
175,अङ्ग्रेजी काइदा दुवै फाइदा,उनीहरूको काम गर्ने शैली ।,अङ्ग्रेजी चालले पानी पर्छ।,अङ्ग्रेजी सिक्नाले टाउको दुख्छ।,अङ्ग्रेजी बोल्नाले उचाइ बढ्छ।,Wisdom and Knowledge
212,"अकलमन्दलाई इशारा, मूर्खलाई फटकारा",मूर्खलाई इसारा काम छैन ।,अकलमन्दलाई इशारा गर्दा उसले बुझ्दैन,मूर्खलाई फटकार्दा उसले तुरुन्तै सुधार गर्छ,अकलमन्दलाई फटकार्दा मात्र उसले काम गर्छ,Wisdom and Knowledge
250,"अर्ध रोग हरे निन्द्रा, सर्व रोग हरे क्षुधा",आधा रोगले निद्रा हर्छ पूरै रोगले भोक हर्छ ।,निन्द्रा गर्दा सबै रोग ठीक हुन्छ,भोक लाग्दा सबै रोग बिग्रन्छ,धेरै सुत्नाले रोग बढ्छ,Wisdom and Knowledge
261,अल्प ज्ञान सधैँ बढ्याई,अनपढले पनि बढ्याई गर्न सक्छ ।,अल्प ज्ञानले सधैँ सफलता मिल्छ,थोरै ज्ञानले सबै कुरा बुझ्न सकिन्छ,थोरै ज्ञानले सधैँ सही निर्णय गरिन्छ,Wisdom and Knowledge
266,"असन्तोषी सदा दुःखी, सन्तोषी सदा सुखी",सधैँभरि सन्तोषी हुनु राम्रो हो ।,असन्तोषी व्यक्तिहरू सधैं खुसी हुन्छन्,सन्तोषी मानिसहरू सधैं दुःखी हुन्छन्,सन्तोषले दुःख ल्याउँछ,Wisdom and Knowledge
268,अकवरी सुनलाई कसी लाउनु पर्दैन,राम्रो चिज जाँचिरहनु पर्दैन,सुनलाई कसी लगाउँदा राम्रो देखिन्छ,अकवरले सुनलाई कसी लगाउनुपर्छ,सुनलाई कसी नलगाउँदा बिग्रन्छ,Wisdom and Knowledge
311,आगो ताप्नु मुढाको अर्ती सुन्नु बुढाको,बुढापाकाले धेरै जानेको हुन्छ,आगो ताप्न मुढाबाट सिक्नुपर्छ,बुढो मान्छेले मात्र अर्ती दिन सक्छ,मुढा र बुढो दुवैको कुरा सुन्नु जरुरी छैन,Wisdom and Knowledge
326,आधा गाग्रो पानी छचल्किन्छ,अधुरो कामको असर बढी हुन्छ अथवा थोरै जान्नेको धेर फुर्ती हुन्छ ।,अल्पज्ञान भएका व्यक्ति शान्त हुन्छन्,धेरै ज्ञान भएका व्यक्ति बोल्दैनन्,धेरै पानी भएको गाग्रो छचल्किन्छ,Wisdom and Knowledge
346,आँखा बन्द गर्दैमा अँध्यारो हुँदैन,ठूलो वस्तुलाई ढाकेर ढाकिन्न ।,आँखा बन्द गर्दा उज्यालो हुन्छ,अँध्यारो देख्नको लागि आँखा बन्द गर्नुपर्छ,आँखा खोल्दा मात्र अँध्यारो हुन्छ,Wisdom and Knowledge
381,ओखरको गुँदी खान घानको जरुरत पर्दैन,"सानु वस्तुका लागि ठूलो साधन चाहिँदैन, सानैले काम पुग्छ ।","ओखरको गुँदी कडा हुन्छ, त्यसैले घान चाहिन्छ",ओखरको गुँदी सजिलै खान सकिँदैन,घानले मात्र ओखरको गुँदी निकाल्न सकिन्छ,Wisdom and Knowledge
385,आँ गर्दा अलङ्कार बुझिन्छ,के भन्छ भन्ने कुरा इसाराबाटै बुझ्नु ।,आँ गर्दा आँखा दुख्छ,आँ गर्दा नाक बग्छ,आँ गर्दा सबै कुरा बिग्रन्छ,Wisdom and Knowledge
401,"अति तितो दाल, नुन, पेट भराओ तिनै कुरा",कुनै अर्थ छैन ।,दाल तितो भए पनि नुनले मिठो हुन्छ,नुन पेट भर्ने खानेकुरा हो,पेट भर्न नुन र दाल खानुपर्छ,Wisdom and Knowledge
403,आँप खान छाडेर रुख गन्ने,चाहिने काम नगर्ने,रुख गन्नेले आँप खान पाउँदैन,आँप खानु भनेको समयको बर्बादी हो,रुख गन्दा आँप मिठो हुन्छ,Wisdom and Knowledge
417,आखिर सत्यकै विजय हुन्छ,भेल गरेर टिक्दैन ।,सत्य कहिल्यै विजयी हुँदैन,असत्यले नै सधैं जित्छ,सत्यको कुनै महत्त्व हुँदैन,Wisdom and Knowledge
442,आफूलाई चिन,पहिले आफैँ बन,आफ्नो नाम भन्न नजान्नु,आफैंलाई चिन्न नसक्नु,अरूले चिनेकोमा गर्व गर्नु,Wisdom and Knowledge
473,आल पडौं डाल पडीं वैतड्याल जन पढ्डौँ,असिना परे पनि बैतडेलीको सङ्गत नगर्नु भनेको ।,आलु र डाल एकै ठाँउमा झरेछन्,वैतड्याल भन्ने ठाउँमा सबै जना पढ्न जान्छन्,आलु र डाल एकसाथ खस्दा वैतड्यालमा हल्ला मच्चियो,Wisdom and Knowledge
479,आँखा उघ्रनु,सचेत हुनु,निद्राबाट बिउँझनु,आँखा ठूलो हुनु,आँखा चम्किनु,Wisdom and Knowledge
480,आँखा खुल्नु,सजग हुनु,आँखा खोल्नु मात्र शारीरिक क्रिया हो,निद्राबाट ब्यूँझिनु,आँखा दुख्न थाल्नु,Wisdom and Knowledge
556,उपदेश दिन जति सजिलो छ पालन गर्न गाह्रो,भन्नमा मात्र सजिलो हुन्छ ।,"उपदेश दिनु सजिलो भए पनि, कसैले सुन्दैन",उपदेश दिनु भनेको अरूलाई दोष लगाउनु हो,उपदेश दिनु भनेको अरूको जीवन नियन्त्रण गर्नु हो,Wisdom and Knowledge
566,"उन्ने कुरा उनेरै लाउनु, गुन्ने कुरा गुनेरै लिनु थुन्ने कुरा थुनेरै लिनु",जसलाई जे गर्नुपर्ने हो त्यसलाई त्यही गर्नुपर्छ ।,उन्ने कुरा उनेरै लाउनु भनेको सधैं गल्ती गर्नुपर्छ,गुन्ने कुरा गुनेरै लिनु भनेको अरूको कुरा कहिल्यै सुन्नु हुँदैन,थुन्ने कुरा थुनेरै लिनु भनेको समस्या समाधान नगरी लुकाउनु पर्छ,Wisdom and Knowledge
605,एक ठक्कर खाए सात बुद्धि आउँछ,अनुभवी भएर काम गर्दै जानु,एउटा ठक्कर खाएपछि मानिस झन् मूर्ख हुन्छ,एक चोट खाएपछि सात चोट थपिन्छ,ठक्कर खाएपछि मानिसले सोच्न छोड्छ,Wisdom and Knowledge
606,एक चन्द्रमाले दिने उज्यालो हजार ताराले के देला,ठूलो असल व्यक्तिले संसार ढाक्छ ।,एक चन्द्रमाले दिने उज्यालो भन्दा हजार ताराले बढी उज्यालो दिन्छ,चन्द्रमाको उज्यालो ताराहरुको उज्यालोभन्दा कम हुन्छ,चन्द्रमाको उज्यालो ताराको उज्यालोसँग तुलना गर्न मिल्दैन,Wisdom and Knowledge
608,"एक उदाहरण, सय उपदेश",उपदेशभन्दा उदाहरण उपयोगी हुन्छ ।,सय उपदेश दिएर पनि कसैले सिक्दैन,सय उपदेश भनेपछि सबै कुरा तुरुन्तै बुझिन्छ,सय उपदेश भनेपछि कुनै गल्ती गर्न पाइँदैन,Wisdom and Knowledge
611,एक पत्थे सय इलम,खानपिनमा परेजमा बस्नु ।,एकजना मूर्खले सयवटा ज्ञानको काम गर्न सक्छ,सयवटा काम गर्नेलाई एकजना मूर्खले हराउन सक्छ,एकजना मूर्खले सयवटा गल्ती गर्न सक्छ,Wisdom and Knowledge
614,"एक काज, दो पन्थ",एकपटकमा दुई काम बन्नु ।,एकै पटक दुईवटा काम सकिँदैन,एक काज गर्दा दुई पन्थ बिग्रन्छ,दुई पन्थमा एकै काज गर्न सकिँदैन,Wisdom and Knowledge
639,ऐना भएपछि पानी छाया किन,मुख्य वस्तु नै भएपछि अरू किन,ऐना भए पनि पानीमा छाया देखिन्छ,ऐना र पानी एउटै कुरा हुन्,ऐना भएपनि पानीको आवश्यकता छैन,Wisdom and Knowledge
672,एक गोता खाई सय बुद्धि आई,ठक्करले नै बुद्धि आउँछ ।,एक चोट खाँदा मानिस मूर्ख बन्छ,गोता खाँदा बुद्धि हराउँछ,सय चोट खाँदा पनि केही नबुझिन्छ,Wisdom and Knowledge
674,एक चन्द्रले दिने काम हजार ताराले के देला,साना धेरै भएर के काम,एक जनाले गरेको काम धेरैले मिलेर गर्न सक्दैनन्,ताराहरू भन्दा चन्द्रमा कमजोर हुन्छ,चन्द्रमा नभए ताराहरूले उज्यालो दिन सक्छन्,Wisdom and Knowledge
678,एक तीर दुई सिकार,एउटै चिजले दुई काम हुनु ।,एकै चोटमा दुईवटा जनावर मार्ने कुरा,दुई जनालाई एकै चोटमा हानि पुर्‍याउने तरिका,एउटै कामले दुईवटा नराम्रो परिणाम ल्याउने,Wisdom and Knowledge
682,"एकपैसा पनि धनै हो, गहुँबारी पनि वनै हो",थोरैको पनि महत्त्व हुन्छ ।,एक पैसा भए पनि धनी मानिन्छ,गहुँबारीमा मात्र वन पाइन्छ,धेरै पैसा भए मात्रै धन हुन्छ,Wisdom and Knowledge
711,"ओखती मिठो हुँदैन, अर्ती राम्रो हुँदैन",असल कामको पालन गर्नुपर्छ ।,औषधि जहिले पनि तीतो हुन्छ,असल सल्लाह सधैं बेकार हुन्छ,मिठो कुरा मात्रै सधैं सही हुन्छ,Wisdom and Knowledge
742,कस्तुरी भनेपछि सुँधिरहनु पर्दैन,असल चिज आफैँ चिनिन्छ ।,कस्तुरी भनेपछि सुँघ्नै नसकिने हुन्छ,"कस्तुरी भनेपछि सुँघ्न जरुरी छैन, देख्न मात्र काफी हुन्छ",कस्तुरी भनेपछि सुँघ्दा पनि गन्ध आउँदैन,Wisdom and Knowledge
746,कस्तुरीले आफ्नो बास्ना अन्त खोजी हिँड्छ,आफ्नो महत्त्व आफैँलाई थाहा नहुनु ।,कस्तुरीले आफ्नो बास्ना कहिल्यै पाउँदैन,कस्तुरीले आफ्नो बास्ना अरूलाई दिन्छ,कस्तुरीले आफ्नो बास्ना गुमाइसक्यो,Wisdom and Knowledge
781,"कसारको कुन गुदी, कुन बोक्रा",समान महत्त्वको वस्तुमा भेदभाव हुँदैन,कसारमा गुदी र बोक्रा छुट्याउन सकिँदैन,कसारको गुदी र बोक्रा अलगअलग हुन्छन्,"कसारको गुदी स्वादिष्ट हुन्छ, बोक्रा फ्याँक्नुपर्छ",Wisdom and Knowledge
799,काला अक्षर भैंसी बराबर,लेखपढ गर्न नजान्नेलाई कुन क कुन ख,काला अक्षर भैंसी बराबर भनेको भैंसीले अक्षर पढ्न सक्छ,यो उखान भैंसीको रंगबारे हो,अक्षरको रंग कालो भएमा भैंसीले चिन्दैन,Wisdom and Knowledge
849,चिन्नु र जान्नु घचेटी माग्नु,अलि बानी थाहा नपाई काम नगर्नु ।,चिन्नु र जान्नु भनेको सधैं झगडा गर्नु हो,चिन्नु र जान्नु भनेको अरूलाई अप्ठ्यारोमा पार्नु हो,चिन्नु र जान्नु भनेको सधैं अरूसँग प्रतिस्पर्धा गर्नु हो,Wisdom and Knowledge
851,"चिन्नेलाई हीरा, नचिन्नेलाई किरा",मूल्यवान् वस्तु नचिन्नु ।,हीरा र किरा एउटै हुन्छन्,"चिन्नेलाई किरा, नचिन्नेलाई हीरा",सबैलाई किरा जस्तो देखिन्छ,Wisdom and Knowledge
852,चिन्नेलाई श्रीखण्ड नचिन्नेलाई खुर्पाको बिँड,ठीक कुरा नठम्याउनु ।,श्रीखण्ड सबैलाई खुर्पाको बिँड जस्तो हुन्छ,चिन्नेलाई खुर्पाको बिँड र नचिन्नेलाई श्रीखण्ड हुन्छ,खुर्पाको बिँडलाई चिन्नेलाई श्रीखण्ड जस्तो लाग्छ,Wisdom and Knowledge
863,चेतेर मात्र बुद्धि आउँछ,परेपछि मात्र ज्ञान आउनु,चेतेर मात्र पैसा आउँछ,चेतेर मात्र शक्ति आउँछ,चेतेर मात्र स्वास्थ्य आउँछ,Wisdom and Knowledge
945,जति छोप्न खोजे पनि सत्य छोपिँदैन,सत्य आखिर सत्यै हो ।,सत्यलाई सजिलै लुकाउन सकिन्छ,सत्य कहिल्यै बाहिर आउँदैन,सत्यलाई छोप्न प्रयास गर्नु आवश्यक छैन,Wisdom and Knowledge
948,जति फल फल्छ उति निहुँरिन्छ,असल मानिसको गुण ।,फल लागेपछि रुख सिधा हुन्छ,धेरै फल लागेपछि रुख उचालिन्छ,फल लागेपछि रुख बढ्न बन्द हुन्छ,Wisdom and Knowledge
997,"जसले मही पिउँछ, ऊ लामो समय जिउँछ",गोरसमा धेरै शक्ति हुन्छ ।,"जो मही पिउँछ, ऊ कहिल्यै बुढो हुँदैन",मही पिउनेले कहिल्यै रोग लाग्दैन,मही पिउँदा अमरत्व प्राप्त हुन्छ,Wisdom and Knowledge
1030,जहाँ गहिरो त्यहीँ पानी,जो हुनेछ उसको मन नहुने ।,जहाँ गहिरो त्यहीँ पानीको अभाव हुन्छ,जहाँ गहिरो त्यहीँ सुख्खा हुन्छ,जहाँ गहिरो त्यहीँ पानी सकिन्छ,Wisdom and Knowledge
1065,जान्नेलाई श्रीखण्ड नजान्नेलाई खुर्पाको बिँड,असल माल चिन्नु ।,जान्ने मानिसलाई खुर्पाको बिँड मन पर्छ,नजान्नेले श्रीखण्डको महत्व बुझ्दैन,जान्नेलाई खुर्पाको बिँड उपहार दिनुपर्छ,Wisdom and Knowledge
1069,"जिउको सार छाती, कुराको सार घाँटी",जिउ राम्रो भएजस्तै कुरा राम्रो हुनुपर्छ ।,छाती र घाँटी नै शरीरका सबैभन्दा महत्वपूर्ण अंग हुन्,मानिसको जिउको सार छातीमा मात्र हुन्छ,सबै कुरा घाँटीमा अड्किन्छ,Wisdom and Knowledge
1092,जुँगा चल्यो कुरा बुझ्यो,सङ्केतबाटै कुरा बुझ्नु ।,जुँगा हल्लाएर कुरा गर्छ,जुँगा काटेपछि मात्र कुरा बुझिन्छ,जुँगा नपालेसम्म कुरा बुझ्न सकिँदैन,Wisdom and Knowledge
1114,जो छ सन्तोषी ऊ सदा सुखी,सन्तोष गर्नुमै सुख हुन्छ ।,"जो सन्तोषी छ, ऊ कहिल्यै दुखी हुँदैन",सन्तोषी व्यक्ति सधैं धनी हुन्छ,सन्तोषले मात्र जीवनमा सबै समस्या समाधान हुन्छ,Wisdom and Knowledge
1254,तालिम नभएको कुकुर,शिक्षा नभएको मान्छे,कुकुरलाई तालिम दिनु जरुरी हुँदैन,तालिम पाएको कुकुर राम्रो हुँदैन,कुकुरलाई तालिम दिनु बेकार हो,Wisdom and Knowledge
1276,तरबारको काम सियोले दिँदैन,ठाउँ हेरि हतियार ।,सियोले तरबारलाई हराउन सक्छ,सियोको काम तरबारले गर्छ,तरबारभन्दा सियो बलियो हुन्छ,Wisdom and Knowledge
1279,तरवारभन्दा कलम बलियो,ठूलो काम गर्छ ।,कलमले युद्ध जित्न सकिन्छ,कलमले शारीरिक बल प्रयोग गर्छ,कलमले सधैं गलत लेख्छ,Wisdom and Knowledge
1289,तीन त्रिलोक चौध भुवन देख्नु,आनन्द आउनु ।,त्रिलोक चौधरी नामको मानिसले संसार देख्यो,तीनवटा लोकहरूलाई चौधरीले घुमेर देखे,त्रिलोक नामको मानिसले चौध भुवनको दर्शन गर्‍यो,Wisdom and Knowledge
1382,दुःख भोग्नेले मात्र थाहा पाउँछ,अनुभवीले थाहा पाउँछ ।,दुःख भोग्नेलाई अरूले थाहा पाउँदैन,दुःख भोग्दा थाहा पाउन सकिँदैन,दुःख भोग्नेलाई मात्र थाहा पाउनु हुँदैन,Wisdom and Knowledge
1386,दूधको दूध पानीको पानी,जस्ताको त्यस्तै छुट्याउने ।,दूध र पानी मिलाएर पिउनुपर्छ,दूध र पानी अलग गर्न सम्भव छैन,दूध सधैं पानीभन्दा सस्तो हुन्छ,Wisdom and Knowledge
1393,देख्नेको भन्दा सुन्नेको सही,देखि जान्ने भन्दा सुनी जान्नेले फुर्ती गर्नु ।,सुन्नेको कुरा सधैं सही हुन्छ,देख्ने मान्छेले धोका दिन्छ,आँखाले भन्दा कानले राम्रो निर्णय गर्छ,Wisdom and Knowledge
1435,देवता नपुज्ने कुरा नबुझ्ने,बाउडो ।,देवता नपुज्दा सबै कुरा बुझिन्छ,देवता पुज्नाले कुरा बुझ्न आवश्यक छैन,कुरा बुझ्न देवताको कुनै भूमिका हुँदैन,Wisdom and Knowledge
1450,दोष थोपर्न सजिलो विवेक पुऱ्याउन गाह्रो,दोष लाउन सजिलो हुन्छ तर काम गर्न गाह्रो हुन्छ ।,"दोष थोपर्न सजिलो छ, किनभने सबैजना विवेकहीन हुन्छन्","विवेक पुऱ्याउन गाह्रो छ, किनभने दोष लगाउन समय लाग्छ","दोष थोपर्न सजिलो छ, तर विवेक पुऱ्याउन झन् सजिलो छ",Wisdom and Knowledge
1453,धन भएको बुद्धि नभएको,धनको सदुपयोग गर्न नसक्ने मान्छे।,धनी मानिस सधैं मूर्ख हुन्छ,बुद्धि भएका मानिस कहिल्यै धनी हुँदैनन्,धनले बुद्धि किनेर ल्याउन सकिन्छ,Wisdom and Knowledge
1473,धेरै ताराभन्दा एक चन्द्रमा बेस,धेरै छोरा हुनुभन्दा एक हुनु बेस ।,धेरै ताराहरू हुँदा चन्द्रमा देखिँदैन,चन्द्रमा भन्दा तारा महत्त्वपूर्ण हुन्छन्,धेरै ताराहरूले चन्द्रमालाई ओझेलमा पार्छन्,Wisdom and Knowledge
1504,नलेखी देखेर मात्र हुँदैन,भाग्यमा लेखेपछि मात्र पाउने कुरा ।,"लेख्नै पर्दैन, सबै कुरा कण्ठस्थ हुनुपर्छ",आँखाले देख्यो भने सबै कुरा बुझिन्छ,हेर्‍यो भने लेख्न जरुरी छैन,Wisdom and Knowledge
1571,पढेको मूर्खभन्दा नपढेको मूर्ख नै बेस,पढेको मूर्खसँग झन् डर हुन्छ ।,पढेको मान्छे मूर्ख हुन्छ,नपढेको मान्छे कहिल्यै मूर्ख हुँदैन,पढ्नाले मानिसलाई मूर्ख बनाउँछ,Wisdom and Knowledge
1572,पढेर भन्दा परेर जानिन्छ,अनुभवको महत्त्व हुन्छ ।,पढेर मात्रै सबै कुरा थाहा हुन्छ,परेर जान्न आवश्यक छैन,अनुभवको कुनै महत्व छैन,Wisdom and Knowledge
1582,दो पन्था एक काज,एकैपटकमा दुई काम बनाउनु ।,दुई फरक दिशामा जानु र काम नगर्नु,दुई वटा काम गर्न खोज्दा कुनै पनि काम नबन्नु,दुई जनालाई एकै काम दिनु र दुवैलाई अलमल्याउनु,Wisdom and Knowledge
1675,बाबु अब बुढा भए बुद्धिसुद्धि हराउँदै गए,बूढो भएपछि चेतना पनि कमजोर हुँदै जान्छ ।,बुढेसकालसँगै बाबुको बुद्धि बढ्दै गइरहेको छ,बाबु जवान हुँदै गए र बुद्धि हराउँदै गयो,"बाबुको उमेरसँगै बुद्धि हराउँदैन, अझ बढ्छ",Wisdom and Knowledge
1685,बाठी न बाठी चामल दिएर पीठो साटी,नराम्रो लिनु राम्रो दिनु ।,बाठो हुनु भनेको सधैं फाइदामा रहनु हो,चामल साट्दा सधैं घाटा हुन्छ,पीठो साट्न बाठो हुनुपर्छ,Wisdom and Knowledge
1687,बाबुको धन कि आफ्नो धन,बाबुको भए बढी खर्च गर्ने ।,बाबुको सम्पत्ति सधैं रहन्छ भन्ने भ्रम,बाबुको सम्पत्ति बिना आफ्नो धन कमाउन सकिँदैन,बाबुको सम्पत्ति आफ्नो मेहनतले कमाएको जत्तिकै मूल्यवान हुन्छ,Wisdom and Knowledge
1701,बाहिर हेर्दा हिरो पढाइमा जिरो,गुदी नभएको डाल मात्र ।,"बाहिर हेर्दा मानिस सुन्दर छ, तर उसले पढ्न जान्दैन","मानिसले राम्रो कपडा लगाएको छ, तर अनपढ छ","बाहिरबाट प्रभावशाली देखिन्छ, तर उसको ज्ञान शून्य छ",Wisdom and Knowledge
1706,"बुझ अर्काको लिनू, आँट आफ्नो गर्नू","अरूका विचार पनि सुन्ने तर, आफ्नै कुरा लागू गर्ने ।","अरूले के गर्छन्, त्यसको मतलब छैन",अरूको कुरा सुनेर काम गर्नु बेकार हो,अरूको सल्लाह लिनु नै गलत हो,Wisdom and Knowledge
1707,बुझ्नु न सुझ्नु हगन गौडी पुज्नु,कुरो नबुझी काम गर्नु ।,धार्मिक कार्य नगर्नु राम्रो हुन्छ,शौचालयको पूजा गर्नु पर्छ,बिना सोच विचार काम गर्नु राम्रो हुन्छ,Wisdom and Knowledge
1708,बुद्धिमानलाई इसारा काफी,बुद्धिमानले इसाराबाटै सबै कुरा बुझ्छ ।,बुद्धिमानलाई संकेत गर्दा उनी झन् अलमलिन्छन्,बुद्धिमानलाई इसारा गर्दा उनी रिसाउँछन्,बुद्धिमानलाई इसारा गर्दा उनी बेवास्ता गर्छन्,Wisdom and Knowledge
1709,"बुद्धिमानलाई पराई भन्नु केही छैन, व्यापारी टाढा भन्नु केही छैन",सबैतिर पहुँच पुग्नु ।,बुद्धिमान व्यक्तिलाई कहिल्यै विश्वास गर्न सकिँदैन,व्यापारीले कहिल्यै टाढा यात्रा गर्न हुँदैन,बुद्धिमान व्यक्ति जहिले पनि पराई हुन्छ,Wisdom and Knowledge
1710,बुद्धिमा बिर्को लाग्नु,समयमा सोच नआउनु ।,बुद्धिले काम गर्न छोड्नु,बुद्धि बन्द हुनु,बुद्धि हराउनु,Wisdom and Knowledge
1725,बोकाले दाईं हुने भए गोरु किन चाहियो,सानो मान्छेबाट नहुने कुरा ।,बोकाले दाईं हिँड्न सक्छ भने गोरुलाई दाईं हिँडाउनु आवश्यक छैन,बोकाले गोरुको काम गर्न सक्छ भने गोरु पाल्न जरुरी छैन,बोकाले गोरुको जस्तो बलियो काम गर्न सक्छ भने गोरु पाल्न खर्च गर्नु मूर्खता हो,Wisdom and Knowledge
1738,बत्ती बालेपछि अँध्यारो कुलेलम,असल मान्छेको प्रवेशले खराब रहँदैन ।,बत्ती बाल्दा पनि उज्यालो हुँदैन,बत्ती बाल्नासाथ अँध्यारो बढ्छ,बत्ती बाल्दा अँध्यारो हराउँदैन,Wisdom and Knowledge
1753,बाँदरलाई हीरा कि किरा,मूल्यवान् चिज नचिन्ने ।,बाँदरले हीरा र किरा दुवै खान्छ,बाँदरले किरा भन्दा हीरा मन पराउँछ,बाँदरलाई हीरा र किरा एउटै जस्तो लाग्छ,Wisdom and Knowledge
1760,बाबुभन्दा छोरो जान्ने खुकुरीभन्दा कर्द लाग्ने,धेरै जान्ने हुन खोज्नु ।,छोराले बाबुलाई कहिल्यै जित्न सक्दैन,खुकुरीभन्दा कर्द सधैं कमजोर हुन्छ,बाबुको ज्ञान सधैं छोराभन्दा बढी हुन्छ,Wisdom and Knowledge
1783,वीरगन्ज र नेपालगन्ज थाहा नहुने भूगोल पढ्ने,"नबुझी पढ्नु, रटन्ती विद्या ।",वीरगन्ज र नेपालगन्ज भूगोलको किताबमा मात्र भेटिन्छ,वीरगन्ज र नेपालगन्ज एउटै स्थान हो,वीरगन्ज र नेपालगन्ज कुनै देशका नाम हुन्,Wisdom and Knowledge
1787,"बुझ्नेलाई भारी, न बुझ्नेलाई हनुमन्ते पारी","बुझ्नेलाई इसारा काफी, नबुझ्नेलाई केही लाग्दैन ।",बुझ्नेलाई भारी भनेको उसले धेरै बोझ बोक्नुपर्छ,न बुझ्नेलाई हनुमन्तेले पारीमा पुर्‍याउँछ,बुझ्नेलाई भारी भनेको उसले धेरै खाना खानुपर्छ,Wisdom and Knowledge
1793,बुझे ठट्टा नबुझे लट्टा,ख्याल ठट्टा गर्दा विचार गर्नुपर्छ ।,ठट्टा गर्नु भनेको सधैं लट्टा हुनु हो,ठट्टा बुझ्न नपाए लट्टा खानुपर्ने हुन्छ,ठट्टा बुझ्नेलाई लट्टा खान मन पर्छ,Wisdom and Knowledge
1794,बुद्धि बिग्रन जान्छ है कुदिनमा कस्तै बडाको पनि,ठुलाबडाको पनि कुदिन लागेपछि बुद्धि बिग्रन्छ ।,बुद्धि बिग्रनु भनेको धेरै बुद्धिमान हुनु हो,कुदिनमा भनेको दौडने समय हो,बडाको भनेको ठूलो शारीरिक आकारको व्यक्ति हो,Wisdom and Knowledge
1795,बुझ्नेलाई श्रीखण्ड नबुझ्नेलाई खुर्पाको बिँड,वस्तुको महत्त्व नबुझ्नु ।,"बुझ्नेले श्रीखण्ड खान्छ, नबुझ्नेले खुर्पा","बुझ्नेलाई श्रीखण्ड दिनुपर्छ, नबुझ्नेलाई खुर्पा दिनुपर्छ",बुझ्नेलाई श्रीखण्ड र खुर्पाको बिँड एउटै हो,Wisdom and Knowledge
1808,बोक्रौ खाने भए ओखरको के खानु,सारो हाड भएको हुनाले ।,ओखरको बोक्रा मात्र खाने हो भने फल खानु आवश्यक छैन,ओखरको बोक्रा नै स्वादिष्ट हुन्छ,ओखरको फल भन्दा बोक्रा महत्त्वपूर्ण हुन्छ,Wisdom and Knowledge
1861,"भोक जस्तो व्यथा, अन्न जस्तो औषधि",प्राण थाम्ने वस्तु हो ।,भोक सबैभन्दा सानो समस्या हो,अन्नले औषधिको काम गर्दैन,भोकलाई औषधिले मात्र ठीक गर्न सकिन्छ,Wisdom and Knowledge
1869,भ्यागुतालाई कुवा नै समुद्र,सानो ठाउँमा जन्मेकाको सोचै सानो हुन्छ।,भ्यागुतालाई समुद्रमा जान मन छैन,कुवामा बस्ने भ्यागुताले समुद्र देखेको छ,भ्यागुताले समुद्रलाई कुवा सम्झन्छ,Wisdom and Knowledge
1873,मलामी जाँदाको वैराग्य र पुराण सुन्दाको ज्ञान,क्षणिक मात्र हुन्छन् ।,मलामी जाँदा धेरै रमाइलो हुन्छ,पुराण सुन्दा थोरै कुरा मात्र सिकिन्छ,मलामी जाँदा सबैले नाचगान गर्छन्,Wisdom and Knowledge
1916,"मागेको सामान, सिकाएको कुरा",धेरै नटिक्नु धान्न मुस्किल ।,मागेको सामान र सिकाएको कुरा सधैं फिर्ता आउँदैन,मागेको सामान सधैं बिग्रिएको हुन्छ,सिकाएको कुरा सधैं गलत हुन्छ,Wisdom and Knowledge
1944,मुखमा सरस्वती हुनेको वृहस्पति उदाउँछ,राम्रो बोल्नेले जहाँ पनि सफलता हुन्छ ।,मुखमा सरस्वती हुनेको चन्द्रमा उदाउँछ,मुखमा सरस्वती हुनेको मंगल ग्रह उदाउँछ,मुखमा सरस्वती हुनेको बुध ग्रह उदाउँछ,Wisdom and Knowledge
1951,मुढाको मुख झिँजाले पोल्छ,ठूलो मान्छेलाई पनि सानोले ठीक पार्छ ।,मुढाको मुखबाट झिँजा निस्कन्छ,मुढाले झिँजा खान्छ,मुढाले झिँजासँग बोल्छ,Wisdom and Knowledge
1971,यतो धर्मस्ततो धनम्,जहाँ धर्म त्यहाँ धन ।,धर्मले धन कमाउन सकिन्न,धर्म गरेपछि धन हराउँछ,धन कमाउन धर्मको जरुरत छैन,Wisdom and Knowledge
1983,रत्नको कदर जोहरीले गर्छ,असलको कदर पारखीले मात्र गर्छ ।,रत्नको कदर जो कोहीले पनि गर्न सक्छ,रत्नको कदर गरियो भने त्यसको मूल्य घट्छ,रत्नको कदर गरियो भने त्यसले खराब भाग्य ल्याउँछ,Wisdom and Knowledge
1998,"रातभर रामायण सुनायो, सीता कसकी जोई",अबुझलाई सम्झाएर के काम ।,रामायण सुनेर पनि केही नबुझेको,व्यर्थमा समय बर्बाद गरेको,अरूको कुरा सुनेर पनि ज्ञान नलिएको,Wisdom and Knowledge
2063,लेखेको पाइन्छ देखेको पाइँदैन,"देखेर नात्र हुन्न, भाग्यमा पनि हुनुपर्छ ।",लेखिएका कुरा सधैं सत्य हुन्छन्,देखिएका कुरा झूट हुन्छन्,लेखेको कुरालाई मात्र विश्वास गर्नुपर्छ,Wisdom and Knowledge
2079,विद्या धनम् सर्व धने प्रधानम्,विद्या रूपी धन सबैमा उत्तम हुन्छ ।,"विद्या भनेको धन हो, त्यसैले पैसाले सबै थोक किन्न सकिन्छ",विद्या बिना पनि अरु धनले सबै कुरा सम्भव छ,विद्या भन्दा अरु धनी हुनु महत्त्वपूर्ण छ,Wisdom and Knowledge
2080,विद्या मित्रम् प्रवासे तु,परदेशमा विद्या नै मित्र हुन्छ ।,विद्या भनेको परदेशमा मित्र खोज्नु हो,परदेश जाँदा विद्या छोड्नुपर्छ,विद्या भनेको परदेश जानको लागि मात्र हो,Wisdom and Knowledge
2081,विद्यारूपं कुरूपिणाम्,कुरूपको विद्या नै रूप हो ।,विद्या कुरूप व्यक्तिलाई कुरूप बनाउँछ,विद्या कुरूप व्यक्तिका लागि आवश्यक छैन,विद्या कुरूप व्यक्तिलाई सुन्दर बनाउन सक्दैन,Wisdom and Knowledge
2088,विद्या हराए काशी जानु,काशीमा असल शिक्षा पाइने भएर ।,विद्या हराएपछि काशीमा जानु व्यर्थ छ,काशी पुग्नासाथ विद्या हराउँछ,काशी जानु भनेको विद्या पाउनु हो,Wisdom and Knowledge
2089,"वेद पढ्नेभन्दा, छेद पढ्ने धेरै",खराबहरू धेरै हुनु ।,वेद पढ्नुभन्दा कपडा सिउनु राम्रो हुन्छ,धार्मिक पुस्तक पढ्नुभन्दा तिनीहरूमा भएका प्वालहरू खोज्नु राम्रो हुन्छ,ज्ञान प्राप्त गर्नुभन्दा त्रुटिहरूमा ध्यान दिनु राम्रो हुन्छ,Wisdom and Knowledge
2114,सन्तोषम् परमम् सुखम्,सन्तोष नै सुख हो ।,सन्तोषले मानिसलाई दुःखी बनाउँछ,सन्तोषले आलसी बनाउँछ,सन्तोषले प्रगति रोक्छ,Wisdom and Knowledge
2148,साहित्य-सङ्गीत कलाविहीन साक्षात् पशु पुच्छरविषाणहीन,"साहित्य, सङ्गीत र कला नभएको मान्छे पुच्छर र सिङ नभएको पशुजस्तै हो ।","साहित्य, सङ्गीत र कला बिना मानिस पनि जनावर जस्तै हुन्छ",मानिसलाई पुच्छर र सिङ नभए पनि जनावर मान्नुपर्छ,कलाविहीन मानिसले सधैं जनावरजस्तै व्यवहार गर्छ,Wisdom and Knowledge
2150,"सिंहको गुफामा गजमोती भेटिन्छ, स्यालको गुफामा पुच्छर",स्वार्थी विचार ।,सिंहको गुफामा गजमोती भेटिन्छ भने स्यालको गुफामा सुन भेटिन्छ,"स्यालको गुफामा गजमोती भेटिन्छ, सिंहको गुफामा पुच्छर भेटिन्छ","स्यालको गुफामा केही भेटिँदैन, सिंहको गुफामा पुच्छर भेटिन्छ",Wisdom and Knowledge
2163,"स्वदेश पुज्यते राजा, विद्वान् सर्वत्र पुज्यते",राजा आफ्नो देशमा मात्र पूजित हुन्छ विद्वान् सबैतिर पुंजिन्छ,राजा मात्र स्वदेशमा पूजा गरिन्छ,विद्वान् मात्र विदेशमा पूजा गरिन्छ,राजा विदेशमा कहिल्यै पूजा गरिँदैन,Wisdom and Knowledge
2171,हगाइभन्दा पदाइ ठूलो,काम गर्नलाई भन्दा तयारीलाई धेरै महत्त्व दिनु ।,पढाइले शारीरिक कामभन्दा सधैं राम्रो हुन्छ,पढाइ नगर्नेले कहिल्यै सफल हुँदैन,शारीरिक काम गर्ने मानिसहरू असफल हुन्छन्,Wisdom and Knowledge
2181,"हाम्री आमा ज्यादै बाठी, चामल दिएर पीठो साटी",खुबै जान्दछुभन्दा असल अरूलाई खराब आफूलाई ।,आमाले चामल साटेर घाटा गरिन्,आमाले सधैं गलत निर्णय लिन्छिन्,आमाले सस्तो सामानसँग महँगो सामान साटिन्,Wisdom and Knowledge
2188,हातमा पुस्तक मनमा दसथोक,मन एकातिर काम एकातिर ।,पढाइमा ध्यान नदिएर अन्य काम गर्नुपर्ने हुन्छ,पुस्तक हातमा भए पनि पढ्न नजान्नु,धेरै पुस्तकहरू बटुलेर पनि ज्ञान नहुनु,Wisdom and Knowledge
2204,अकबरी सुनलाई कसी लाउनुपर्दैन,राम्रो कुरालाई जाँच्नुबुझ्नुपर्दैन।,अकबरी सुनलाई कसी लगाउँदा बिग्रिन्छ,अकबरी सुनलाई कसी लगाउँदा सुन हराउँछ,अकबरी सुनको कुनै मूल्य हुँदैन,Wisdom and Knowledge
2227,अर्ती र ओखती कहिल्यै मीठो हुँदैन,उपदेश र ओखती पहिले ननिको लागे तापनि अन्त्यमा धेरै काम लाग्ने हुन्छन् ।,अर्ती र ओखती सधैं मीठो हुन्छ,अर्ती र ओखती कहिल्यै आवश्यक हुँदैन,अर्ती र ओखती सधैं दुखदायी हुन्छ,Wisdom and Knowledge
2232,आँ गर्दा अन्सार (अलङ्कार) बुझिन्छ,मुख चलेपछि भन्न खोजेको कुरा थाहा पाइहालिन्छ ।,आँ गर्दा पहाड खस्छ,आँ गर्दा आँखा फुट्छ,आँ गर्दा आँधी आउँछ,Wisdom and Knowledge
2238,"आगो ताप्नू मुढाको, कुरा सुन्नू बूढाको","मुढाको आगो ताप्दा आँचिलो र न्यानो हुन्छ, बूढाको कुरा सुन्दा अनुभवको सार पाइन्छ ।",आगो ताप्न मुढा सधैं उत्तम हुन्छ,बूढाहरूले सधैं सत्य कुरा मात्र बोल्छन्,मुढा बिना आगो ताप्न सकिन्न,Wisdom and Knowledge
2242,"आधा गाग्रो छचल्किन्छ, भरी गाग्रो छचल्किन्न",थोरै ज्ञान हुने मान्छे घमन्डी र धेरै ज्ञान हुने मान्छे गम्भीर हुन्छन् ।,थोरै ज्ञान भएका मानिसहरू धेरै बोल्छन्,भरिएको गाग्रोले पानी चुहाउँछ,गाग्रोले छचल्किनु राम्रो हुन्छ,Wisdom and Knowledge
2268,"इमान भनेको लाख हो, धन भनेको खाक हो","धन मासिएर जान्छ, तर इमान दिगो रहन्छ ।",इमानको कुनै मूल्य हुँदैन,धनले मात्र सबै कुरा सम्भव हुन्छ,इमानले धनभन्दा कम महत्त्व राख्छ,Wisdom and Knowledge
2284,एक पन्थ दुई काज,एउटै प्रयत्नबाट दुई थरी फाइदा।,एकै समयमा दुई ठाउँमा पुग्न सकिन्छ,एक पन्थले दुईवटा काम गर्न सक्दैन,दुई काज गर्न एकभन्दा बढी पन्थ चाहिन्छ,Wisdom and Knowledge
2298,कस्तूरी भनेपछि सुघिँरहनुपर्दैन,"महत्त्वपूर्ण वस्तुको गुण त्यसै थाहा पाइन्छ, जाँचिरहनुपर्दैन। हे. अकबरी सुनलाई कसी लाउनुपर्दैन ।",कस्तूरी भनेपछि सुँघ्नै पर्दैन,कस्तूरी भनेपछि सबैले थाहा पाइहाल्छन्,कस्तूरी भनेपछि खोज्नै पर्दैन,Wisdom and Knowledge
2324,कालो अक्षर भैँसी बराबर,पढ्न नजान्नेले सबै अक्षर काला देख्ने हुनाले उसलाई केही थाहा हुँदैन।,कालो र भैँसी उस्तै हुन्छन्,अक्षर र भैँसीको रंग एउटै हुन्छ,अक्षरले भैँसीको मूल्य घटाउँछ,Wisdom and Knowledge
2340,के खोज्छस् काना? आँखा,जसलाई जुन कुराको खाँचो छ ऊ त्यही कुरो चाहन्छ ।,कानाको आँखाको उपचार खोज्दैछ,काना मानिसले आँखा पाउन खोज्दैछ,काना व्यक्ति दृष्टि सुधार्न खोज्दैछ,Wisdom and Knowledge
2387,चार विद्या चौध चतुऱ्याइँ,मानिसमा विद्याभन्दा चनाखोपन वा कुशलता बेसी हुनुपर्छ।,चार वटा विद्या भए पनि चौध वटा बेवकूफी गर्न सकिन्छ,धेरै ज्ञान भए पनि बुद्धि नपुग्न सक्छ,जति नै विद्या भए पनि चतुराइँ काम लाग्दैन,Wisdom and Knowledge
2389,चिन्नु न जान्नु बँचेडी माग्नु,चिन्दै नचिनेका मानिससँग काम पट्याउन खोजेर हुँदैन।,चिन्नु न जान्नु तर धेरै ज्ञान भएको दाबी गर्नु,अपरिचितसँग धेरै नजिकको व्यवहार गर्नु,बिना कारण कसैसँग सहयोगको अपेक्षा गर्नु,Wisdom and Knowledge
2417,"जीठको सार घाँटी, कुराको सार गाँठी",डिलडौलबाट शरीर राम्रो देखिएभएझैँ भित्रबाट निस्कने कुरा विचार पुगेको भएमा राम्रो हुन्छ ।,जीठको सार घाँटी भनेको मानिसको घाँटी नै महत्त्वपूर्ण हुन्छ,कुराको सार गाँठी भनेको कुरा गर्न गाह्रो हुन्छ,जीठको सार घाँटी भनेको घाँटीमा केही राख्नुपर्छ,Wisdom and Knowledge
2418,"जुँगा चल्यो, कुरा बुझ्यो",अन्सारले नै कुरा थाहा पाइन्छ ।,जुँगा चलायो भने कुरा बुझिन्छ,जुँगा भएमा मात्र कुरा बुझ्न सकिन्छ,जुँगा चलाउनु भनेको कुरा बुझ्नु हो,Wisdom and Knowledge
2437,"झूटो तग्दैन, साँचो डग्दैन तग्दैन, साँचो डग्दैन","झूटो टिक्न सक्दैन, साँचो छ भने अडिरहन्छ ।",झूटो सधैं सफल हुन्छ,सत्य कहिल्यै टिक्दैन,झूटो कहिल्यै असफल हुँदैन,Wisdom and Knowledge
2449,डेढ अक्कली मामा लाल बुझक्कड,नचाहिँदो अक्कल झिक्ने र अन्दाजैले काम गर्ने।,मामा धेरै बुद्धिमान र ज्ञानी हुन्छन्,डेढ अक्कली मामा सधैं सही हुन्छन्,मामा सबै समस्याहरू सजिलै समाधान गर्न सक्छन्,Wisdom and Knowledge
2472,"दूधको दूध, पानीको पानी","जस्ताको तस्तै पारी छुट्टयाउने काम, भएका कुराको खसोखास ।",दूध र पानी अलग गर्न सकिन्न,यो उखान पानीको गुणस्तरको बारेमा हो,दूध र पानी मिसाउँदा दूधको स्वाद बिग्रन्छ,Wisdom and Knowledge
2482,"धेरै खाए मल, थोरै खाए बल","बढी नखानू, बेफाइदा गर्छ भन्ने उपमा दिँदा प्रयोग हुने कथन।","धेरै खाएमा बल बढ्छ, थोरै खाएमा कमजोरी आउँछ","थोरै खाएमा रोग लाग्छ, धेरै खाएमा स्वस्थ रहिन्छ","धेरै खाएमा शरीर बलियो हुन्छ, थोरै खाएमा शरीर कमजोर हुन्छ",Wisdom and Knowledge
2525,"बाबुभन्दा छोरो जान्ने, खुकुरीभन्दा कर्द लाग्ने",ठूलाको अगाडि सानो मान्छे वा बाबुआमाको अगाडि छोराछोरी जान्नेसुन्ने हुँदा प्रयोग गरिने कथन।,बाबु सधैं अज्ञानी हुन्छ,खुकुरीभन्दा कर्द सधैं राम्रो हुन्छ,छोरो बाबुलाई कहिल्यै सम्मान गर्नुपर्दैन,Wisdom and Knowledge
2539,"बुझ्नेलाई भारी, नबुझ्नेलाई हनुमन्तेपारि","बुझ्नेलाई थोरै भने पुग्छ, नबुझ्नेलाई जति भने पनि केही लाग्दैन ।","बुझ्नेलाई भारी बोक्नुपर्छ, नबुझ्नेलाई हनुमानले पार गर्छ","बुझ्नेलाई भारी हुन्छ, नबुझ्नेलाई सजिलो","बुझ्नेलाई काम दिनुपर्छ, नबुझ्नेलाई हनुमानको पूजा गर्नुपर्छ",Wisdom and Knowledge
2540,"बुझ्नेलाई श्रीखण्ड, नबुझ्नेलाई खुर्पाको बिँड",कुनै उत्कृष्ट कुरा महत्त्व ह पाउनेका निम्ति उत्तम हुन्छ भने महत्त्व थाहा नपाउनेका निम्ति साधारण बन्छ ।,श्रीखण्ड र खुर्पाको बिँड एउटै कुरा हुन्,बुझ्नेलाई श्रीखण्ड भनेको खुर्पाको बिँड उपहार दिने चलन हो,यो उखानले कसैलाई केही नबुझाउने कुरा बताउँछ,Wisdom and Knowledge
2542,"बूढा मरे, भाषा (कुरा) सरे",बूढापाका मरेर गए तापनि तिनका अनुभव र कुरा कालान्तरसम्म बाँचिरहन्छन्।,बूढा मरेपछि भाषा हराउँछ,बूढा मरेपछि कसैले कुरा गर्न सक्दैन,बूढा मरेपछि सबै कुरा समाप्त हुन्छ,Wisdom and Knowledge
2583,"माल पाएर के गर्नु, चाल पाए पो हुन्छ",माल पाएअनुसार त्यसको महत्त्व पनि बुझ्नुपर्छ।,माल पाएपछि चालको आवश्यकता हुँदैन,चाल पाएपछि मालको कुनै मूल्य हुँदैन,चाल नभए पनि मालले सबै समस्या समाधान गर्छ,Wisdom and Knowledge
2598,रत्नको कदर जौहरीले गर्छ,असल कुराको पहिचान गुणीले मात्र गर्न सक्छ ।,रत्नको कदर सधैं साधारण मानिसले गर्छ,रत्नको कदर कहिल्यै हुँदैन,रत्नको कदर केवल गरीबले गर्छ,Wisdom and Knowledge
2668,हीराको मोल कीराले जान्दैन,मालको गुण नचिन्नेले त्यसको पारख गर्न सक्दैन।,हीरा सस्तो हुन्छ,कीरा नै सबैभन्दा मूल्यवान हुन्छ,कीराले मात्रै हीराको सही मूल्य तोक्न सक्छ,Wisdom and Knowledge
2691,मूर्खको धन रहँदैन ।,मूर्ख मानिसले महत्वहीन कुराहरूमा धेरै छिटो पैसा खर्च गर्छ ।,मूर्खलाई धेरै धन दिनुपर्छ,मूर्खले धन सधैं बचाउँछ,मूर्खको धन कहिल्यै सकिँदैन,Wisdom and Knowledge
2692,आधा गाग्रो छचल्किन्छ ।,थोरै ज्ञान र कम प्रतिभा भएकाहरू नै प्रायः चर्को स्वरमा बोल्छन् ।,थोरै पानी भएको गाग्रोले धेरै आवाज निकाल्छ,गाग्रो आधा भरिएपछि मात्र छचल्किन थाल्छ,गाग्रोले पानी छचल्काउनका लागि आधा खाली हुनुपर्छ,Wisdom and Knowledge
2701,"जहाँ पुग्दैन रवि, त्यहाँ पुग्छन् कवि ।",आफ्नो हातमा विशिष्ट सीप क्षमता छ भने त्यो व्यक्ति संसारको हरेक क्षेत्रमा अघि बढ्छ ।,कवि रविलाई पछ्याउँदै हिँड्छन्,कवि रविको प्रतिस्पर्धी हुन्,कवि रविको अनुयायी हुन्,Wisdom and Knowledge
2707,कालो अक्षर भैँसी बराबर ।,केहि कुरामा ज्ञान नभएकोले बुझ्न गाह्रो हुनु ।,कालो अक्षरले मानिसलाई भैँसी बनाउँछ,अक्षर कालो भए भैँसी जस्तै हुन्छ,कालो अक्षरले भैँसीलाई असर गर्छ,Wisdom and Knowledge
2768,"बुझ्नेलाई श्रीखण्ड, नबुझ्नेलाई खुर्पाको बिँड ।",कुनै पनि कुराको अधिकतम लाभ लिनको लागि त्यसको महत्व जान्न जरुरि हुन्छ ।,"बुझ्नेलाई श्रीखण्ड दिनुपर्छ, नबुझ्नेलाई खुर्पाको बिँडले हिर्काउनुपर्छ",श्रीखण्ड र खुर्पाको बिँड एउटै कुरा हुन्,"जो बुझ्छ, उसलाई खुर्पाको बिँड दिनुपर्छ",Wisdom and Knowledge
2818,नक्कल गर्न पनि अक्कल चाहिन्छ !,अरुको नक्कल गर्न सोचेजस्तो सजिलो हुँदैन र दिमागको जरुरत पर्छ ।,नक्कल गर्न अक्कल आवश्यक छैन,नक्कल गर्न अक्कलले रोक्छ,अक्कल भए नक्कल गर्नुपर्दैन,Wisdom and Knowledge
